n_factors_true,n_factors_final,factor_match,n_true_items,n_weak_items,total_items,N,ratio,kmo_overall,meets_kmo_criterion,meets_ratio_criterion,precision,recall,n_iter
3,3,True,9,5,14,150,10.714285714285714,0.6813734330804411,True,True,1.0,1.0,6
3,3,True,18,5,23,259,11.26086956521739,0.8440866189934483,True,True,1.0,0.9444444444444444,7
3,2,False,9,11,20,168,8.4,0.6144395081464488,True,True,1.0,0.6666666666666666,15
2,2,True,6,7,13,150,11.538461538461538,0.714245877081815,True,True,1.0,1.0,8
2,2,True,10,14,24,200,8.333333333333334,0.7813888232083785,True,True,1.0,1.0,15
2,2,True,8,5,13,150,11.538461538461538,0.7654465997544224,True,True,1.0,1.0,6
2,2,True,10,6,16,150,9.375,0.8042267207987351,True,True,1.0,1.0,7
3,3,True,18,13,31,248,8.0,0.7993145506688867,True,True,1.0,1.0,14
3,3,True,12,12,24,212,8.833333333333334,0.7403311291194803,True,True,1.0,1.0,13
2,2,True,8,9,17,150,8.823529411764707,0.7739371238669809,True,True,1.0,1.0,10
3,3,True,15,5,20,221,11.05,0.8212013772313653,True,True,1.0,1.0,6
2,2,True,8,11,19,195,10.263157894736842,0.7275125561527933,True,True,1.0,1.0,12
2,2,True,10,13,23,205,8.91304347826087,0.7995339107639193,True,True,1.0,1.0,14
3,3,True,18,12,30,296,9.866666666666667,0.8368970682745062,True,True,1.0,0.9444444444444444,14
3,3,True,12,15,27,262,9.703703703703704,0.7564029049505355,True,True,1.0,1.0,16
3,3,True,15,8,23,195,8.478260869565217,0.7883498275280396,True,True,1.0,1.0,9
2,2,True,8,13,21,178,8.476190476190476,0.7566556324553323,True,True,1.0,1.0,14
3,3,True,9,11,20,214,10.7,0.7078457168377948,True,True,1.0,1.0,12
3,3,True,15,14,29,213,7.344827586206897,0.7759137344151639,True,True,1.0,1.0,15
3,3,True,15,12,27,233,8.62962962962963,0.8108072867810555,True,True,1.0,1.0,13
2,2,True,6,10,16,150,9.375,0.6756119205270217,True,True,1.0,1.0,11
2,2,True,12,5,17,150,8.823529411764707,0.8101634620508605,True,True,1.0,1.0,6
2,2,True,6,9,15,173,11.533333333333333,0.6809328764578613,True,True,1.0,1.0,10
3,3,True,12,5,17,150,8.823529411764707,0.7420547302141636,True,True,1.0,0.9166666666666666,7
2,2,True,8,10,18,207,11.5,0.7567658988615426,True,True,1.0,1.0,11
2,2,True,10,10,20,233,11.65,0.8111759064883601,True,True,1.0,0.9,12
3,3,True,12,14,26,295,11.346153846153847,0.722193531753937,True,True,1.0,0.9166666666666666,16
3,3,True,15,11,26,205,7.884615384615385,0.806552740791979,True,True,1.0,1.0,12
3,3,True,18,12,30,270,9.0,0.820961327947714,True,True,1.0,1.0,13
2,1,False,6,5,11,150,13.636363636363637,0.6509569238983365,True,True,1.0,0.5,9
2,1,False,6,15,21,168,8.0,0.5827923463480306,False,True,1.0,0.5,19
3,3,True,15,9,24,283,11.791666666666666,0.8138420144761076,True,True,1.0,1.0,10
2,2,True,6,8,14,150,10.714285714285714,0.7051831666004673,True,True,1.0,0.8333333333333334,10
2,2,True,10,15,25,269,10.76,0.8211848097288652,True,True,1.0,1.0,16
3,3,True,18,10,28,276,9.857142857142858,0.8208488302540105,True,True,1.0,1.0,11
2,2,True,12,8,20,225,11.25,0.8312845663354176,True,True,1.0,1.0,9
3,3,True,15,12,27,240,8.88888888888889,0.8018024575125954,True,True,1.0,1.0,13
2,2,True,12,11,23,228,9.91304347826087,0.8344528525571845,True,True,1.0,1.0,12
3,3,True,15,14,29,337,11.620689655172415,0.8007344533006525,True,True,1.0,1.0,15
2,2,True,10,5,15,150,10.0,0.7708838050757193,True,True,1.0,1.0,6
2,2,True,12,8,20,205,10.25,0.8290825711605218,True,True,1.0,1.0,9
2,2,True,6,6,12,150,12.5,0.7626779015809165,True,True,1.0,1.0,7
2,2,True,10,11,21,226,10.761904761904763,0.8250709413780899,True,True,1.0,1.0,12
3,3,True,15,13,28,270,9.642857142857142,0.7836240090196214,True,True,1.0,1.0,14
3,3,True,12,6,18,165,9.166666666666666,0.7352431201937653,True,True,1.0,0.8333333333333334,9
2,2,True,10,8,18,213,11.833333333333334,0.8350631837253393,True,True,1.0,1.0,9
2,2,True,10,5,15,174,11.6,0.801565009902092,True,True,1.0,1.0,6
2,2,True,8,14,22,180,8.181818181818182,0.7010168056884932,True,True,1.0,1.0,15
3,3,True,15,15,30,347,11.566666666666666,0.8136883686899238,True,True,1.0,1.0,16
3,3,True,15,5,20,170,8.5,0.7977333148469902,True,True,1.0,1.0,6
3,3,True,18,13,31,294,9.483870967741936,0.8277282584469235,True,True,1.0,1.0,14
2,2,True,12,9,21,204,9.714285714285714,0.8399330597173769,True,True,1.0,1.0,10
2,2,True,12,10,22,247,11.227272727272727,0.8467348090917102,True,True,1.0,1.0,11
3,3,True,15,5,20,193,9.65,0.7969408148996626,True,True,1.0,1.0,6
3,1,False,9,12,21,237,11.285714285714286,0.6832222317538033,True,True,1.0,0.3333333333333333,19
2,2,True,12,12,24,215,8.958333333333334,0.8308549975371787,True,True,1.0,1.0,13
2,2,True,10,13,23,259,11.26086956521739,0.8312183985131828,True,True,1.0,1.0,14
2,2,True,6,11,17,155,9.117647058823529,0.7001250002556422,True,True,1.0,1.0,12
3,3,True,18,10,28,270,9.642857142857142,0.8297068293346367,True,True,1.0,1.0,11
3,3,True,15,13,28,225,8.035714285714286,0.7442389459793263,True,True,1.0,0.9333333333333333,15
3,3,True,12,14,26,272,10.461538461538462,0.7655274123422918,True,True,1.0,1.0,15
3,3,True,9,6,15,150,10.0,0.6907136523620159,True,True,1.0,1.0,7
3,3,True,15,5,20,179,8.95,0.7910577274091448,True,True,1.0,0.9333333333333333,7
3,3,True,9,11,20,150,7.5,0.5976990369859179,False,True,1.0,1.0,12
3,3,True,15,8,23,229,9.956521739130435,0.8237100650890501,True,True,1.0,1.0,9
3,3,True,9,13,22,218,9.909090909090908,0.6604475517599298,True,True,1.0,1.0,14
3,3,True,18,6,24,173,7.208333333333333,0.789860758051584,True,True,1.0,0.8888888888888888,9
2,2,True,12,8,20,204,10.2,0.8259884668087409,True,True,1.0,1.0,9
3,3,True,15,11,26,201,7.730769230769231,0.7770807015417313,True,True,1.0,1.0,12
2,2,True,12,7,19,197,10.368421052631579,0.8074183134655236,True,True,1.0,0.9166666666666666,9
3,3,True,9,7,16,180,11.25,0.6769657644689258,True,True,1.0,0.8888888888888888,9
3,3,True,9,10,19,171,9.0,0.7070445468218179,True,True,1.0,1.0,11
2,2,True,8,7,15,150,10.0,0.7360317596587962,True,True,1.0,1.0,8
2,2,True,8,8,16,156,9.75,0.7148351308978473,True,True,1.0,0.75,11
3,3,True,15,5,20,150,7.5,0.773563728517305,True,True,1.0,0.9333333333333333,7
2,2,True,6,15,21,200,9.523809523809524,0.7254477628902759,True,True,0.8571428571428571,1.0,15
3,3,True,9,14,23,274,11.91304347826087,0.635236347187029,True,True,1.0,1.0,15
2,2,True,6,14,20,223,11.15,0.683907715881329,True,True,1.0,1.0,15
2,2,True,10,13,23,186,8.08695652173913,0.7728352015063111,True,True,1.0,1.0,14
3,3,True,12,11,23,228,9.91304347826087,0.7475094364387647,True,True,1.0,1.0,12
2,2,True,10,11,21,197,9.380952380952381,0.8135170789852856,True,True,1.0,1.0,12
2,2,True,8,15,23,189,8.217391304347826,0.7839050313451225,True,True,1.0,1.0,16
3,3,True,12,11,23,213,9.26086956521739,0.7339794906079543,True,True,1.0,1.0,12
3,3,True,15,9,24,205,8.541666666666666,0.7761257357109562,True,True,1.0,0.9333333333333333,11
3,3,True,9,5,14,151,10.785714285714286,0.6789575016540971,True,True,1.0,1.0,6
2,2,True,12,8,20,228,11.4,0.8676329098567326,True,True,1.0,1.0,9
3,3,True,18,5,23,209,9.08695652173913,0.8343057542630518,True,True,1.0,0.9444444444444444,7
2,2,True,12,8,20,197,9.85,0.8566887954446788,True,True,1.0,1.0,9
3,3,True,9,11,20,237,11.85,0.6687405130413933,True,True,1.0,1.0,12
2,2,True,10,6,16,150,9.375,0.8024035537725157,True,True,1.0,1.0,7
3,3,True,18,14,32,359,11.21875,0.8420903481176079,True,True,1.0,1.0,15
3,3,True,15,11,26,307,11.807692307692308,0.8311298355327771,True,True,1.0,1.0,12
3,3,True,12,12,24,185,7.708333333333333,0.7160682911150832,True,True,1.0,1.0,13
3,3,True,18,15,33,320,9.696969696969697,0.8230652588268855,True,True,1.0,1.0,16
3,3,True,15,5,20,209,10.45,0.8129536202184352,True,True,1.0,1.0,6
3,3,True,12,7,19,182,9.578947368421053,0.7258674252832931,True,True,1.0,1.0,8
2,2,True,8,11,19,199,10.473684210526315,0.7491093512828517,True,True,1.0,1.0,12
3,3,True,18,7,25,243,9.72,0.8349602929590029,True,True,1.0,0.9444444444444444,9
3,3,True,15,11,26,215,8.26923076923077,0.7667373878876814,True,True,1.0,1.0,12
3,3,True,9,8,17,163,9.588235294117647,0.6725417876094729,True,True,1.0,1.0,9
2,2,True,8,13,21,185,8.80952380952381,0.701276292810635,True,True,1.0,0.75,16
3,3,True,12,15,27,193,7.148148148148148,0.7512094285136094,True,True,1.0,1.0,16
3,3,True,18,15,33,318,9.636363636363637,0.8229153339582618,True,True,1.0,1.0,16
2,2,True,6,6,12,150,12.5,0.7041696575482481,True,True,1.0,1.0,7
3,3,True,18,7,25,222,8.88,0.8349142171630415,True,True,1.0,1.0,8
3,3,True,9,12,21,178,8.476190476190476,0.6660165484577709,True,True,1.0,1.0,13
2,2,True,12,12,24,267,11.125,0.837266977243654,True,True,1.0,0.9166666666666666,14
3,3,True,12,9,21,181,8.619047619047619,0.7433052902299071,True,True,1.0,1.0,10
3,3,True,15,11,26,259,9.961538461538462,0.8296644127438063,True,True,1.0,1.0,12
2,2,True,10,12,22,233,10.590909090909092,0.7945481910703086,True,True,1.0,0.9,14
3,3,True,12,9,21,180,8.571428571428571,0.709161115631477,True,True,1.0,1.0,10
2,2,True,12,12,24,189,7.875,0.822536415578738,True,True,1.0,1.0,13
3,3,True,15,7,22,160,7.2727272727272725,0.7935070510135136,True,True,1.0,1.0,8
2,2,True,10,5,15,150,10.0,0.8020340850790746,True,True,1.0,0.9,7
2,2,True,12,14,26,273,10.5,0.8211827147925037,True,True,1.0,1.0,15
2,2,True,10,12,22,245,11.136363636363637,0.8399794986269747,True,True,1.0,1.0,13
3,3,True,18,14,32,276,8.625,0.8053471831610044,True,True,1.0,0.9444444444444444,16
2,2,True,10,8,18,157,8.722222222222221,0.7841446245469216,True,True,1.0,1.0,9
2,2,True,10,8,18,204,11.333333333333334,0.7900822437327537,True,True,1.0,1.0,9
2,2,True,12,5,17,159,9.352941176470589,0.8169835762249927,True,True,1.0,1.0,6
3,3,True,12,12,24,175,7.291666666666667,0.7044635289360985,True,True,1.0,1.0,13
3,3,True,12,13,25,211,8.44,0.7442796563344374,True,True,1.0,1.0,14
2,2,True,6,11,17,150,8.823529411764707,0.7056286434285315,True,True,1.0,0.8333333333333334,13
2,2,True,10,5,15,150,10.0,0.8328173253974879,True,True,1.0,1.0,6
3,3,True,18,15,33,285,8.636363636363637,0.8170305321726726,True,True,1.0,0.9444444444444444,17
3,3,True,18,9,27,230,8.518518518518519,0.8469790297858742,True,True,1.0,0.9444444444444444,11
3,3,True,15,7,22,187,8.5,0.7885927103321804,True,True,1.0,0.9333333333333333,9
3,3,True,15,14,29,294,10.137931034482758,0.8153522981643366,True,True,1.0,1.0,15
3,3,True,15,6,21,227,10.80952380952381,0.7965544102469473,True,True,1.0,0.9333333333333333,8
3,3,True,9,13,22,191,8.681818181818182,0.6301312880486597,True,True,1.0,1.0,14
3,3,True,15,14,29,237,8.172413793103448,0.7710360418416534,True,True,1.0,0.8666666666666667,17
2,2,True,12,15,27,289,10.703703703703704,0.8371877810357337,True,True,1.0,0.8333333333333334,18
2,2,True,10,14,24,217,9.041666666666666,0.7816363947373841,True,True,1.0,1.0,15
3,3,True,18,15,33,276,8.363636363636363,0.830922886071906,True,True,1.0,1.0,16
3,3,True,18,13,31,248,8.0,0.8179596118086135,True,True,1.0,1.0,14
3,3,True,12,9,21,180,8.571428571428571,0.7266326930776433,True,True,1.0,1.0,10
3,3,True,9,5,14,150,10.714285714285714,0.6288835846343175,True,True,1.0,0.8888888888888888,7
3,3,True,12,6,18,161,8.944444444444445,0.7185168450361606,True,True,1.0,0.9166666666666666,8
3,3,True,15,7,22,250,11.363636363636363,0.8184379701485288,True,True,1.0,1.0,8
3,3,True,15,12,27,239,8.851851851851851,0.7870907759124195,True,True,1.0,0.9333333333333333,14
3,3,True,18,7,25,211,8.44,0.8318696727003316,True,True,1.0,1.0,8
3,3,True,18,9,27,204,7.555555555555555,0.8174165336413041,True,True,1.0,1.0,10
3,3,True,12,14,26,266,10.23076923076923,0.7824404665469273,True,True,1.0,1.0,15
3,3,True,12,15,27,280,10.37037037037037,0.7387243334979825,True,True,1.0,1.0,16
2,2,True,6,10,16,169,10.5625,0.7255410302188096,True,True,1.0,1.0,11
2,1,False,6,11,17,150,8.823529411764707,0.6433303170697158,True,True,1.0,0.5,15
2,1,False,6,6,12,150,12.5,0.6366792789993977,True,True,1.0,0.5,10
3,3,True,12,13,25,294,11.76,0.7644011715843554,True,True,1.0,1.0,14
2,1,False,6,6,12,150,12.5,0.6074264901796363,True,True,1.0,0.5,10
3,3,True,18,6,24,180,7.5,0.7828164140966958,True,True,1.0,0.9444444444444444,8
2,2,True,6,5,11,150,13.636363636363637,0.6909450686131676,True,True,1.0,1.0,6
2,2,True,8,9,17,189,11.117647058823529,0.7816309074398743,True,True,1.0,1.0,10
2,2,True,12,11,23,178,7.739130434782608,0.8312953739460964,True,True,1.0,1.0,12
2,2,True,8,5,13,150,11.538461538461538,0.7824129801704645,True,True,1.0,1.0,6
2,2,True,10,9,19,182,9.578947368421053,0.7457746103658268,True,True,1.0,1.0,10
3,3,True,15,13,28,201,7.178571428571429,0.7629889202018065,True,True,1.0,1.0,14
2,2,True,6,6,12,150,12.5,0.7139161236095234,True,True,1.0,1.0,7
3,3,True,12,15,27,275,10.185185185185185,0.7490813587324652,True,True,1.0,0.9166666666666666,17
2,1,False,6,13,19,202,10.631578947368421,0.6299419734053066,True,True,1.0,0.5,17
2,2,True,8,10,18,150,8.333333333333334,0.7927803771884724,True,True,1.0,1.0,11
2,2,True,8,15,23,216,9.391304347826088,0.7285564382980843,True,True,1.0,0.875,17
2,2,True,12,11,23,167,7.260869565217392,0.8207833489301372,True,True,1.0,1.0,12
3,3,True,9,8,17,193,11.352941176470589,0.6325589247985837,True,True,1.0,0.8888888888888888,10
2,2,True,8,8,16,161,10.0625,0.7354127732280269,True,True,1.0,1.0,9
2,2,True,6,9,15,175,11.666666666666666,0.7304147404267761,True,True,1.0,1.0,10
3,3,True,12,7,19,176,9.263157894736842,0.711086821634903,True,True,1.0,0.9166666666666666,9
2,2,True,12,12,24,175,7.291666666666667,0.7632029810169877,True,True,1.0,0.9166666666666666,14
2,2,True,8,5,13,150,11.538461538461538,0.6954516137829001,True,True,1.0,1.0,6
3,3,True,18,8,26,203,7.8076923076923075,0.8335008050714395,True,True,1.0,0.9444444444444444,10
3,3,True,9,15,24,279,11.625,0.6515143497841783,True,True,1.0,0.8888888888888888,17
3,3,True,12,5,17,158,9.294117647058824,0.7609846545436334,True,True,1.0,1.0,6
3,3,True,12,7,19,150,7.894736842105263,0.7494127842606509,True,True,1.0,0.9166666666666666,9
3,3,True,18,9,27,261,9.666666666666666,0.8382827213055631,True,True,1.0,0.8888888888888888,12
2,2,True,6,9,15,165,11.0,0.6390743554659694,True,True,1.0,1.0,10
2,2,True,10,7,17,150,8.823529411764707,0.7949552745654206,True,True,1.0,1.0,8
3,3,True,18,10,28,321,11.464285714285714,0.8381462682129629,True,True,1.0,1.0,11
3,3,True,15,8,23,263,11.434782608695652,0.81562650397826,True,True,1.0,1.0,9
2,2,True,10,14,24,193,8.041666666666666,0.7198272957397367,True,True,1.0,0.7,18
3,3,True,9,11,20,212,10.6,0.6998928476035268,True,True,1.0,1.0,12
2,2,True,8,11,19,150,7.894736842105263,0.6992678492143183,True,True,1.0,1.0,12
2,1,False,10,6,16,165,10.3125,0.769432487008195,True,True,1.0,0.5,12
2,2,True,6,9,15,164,10.933333333333334,0.6133105707162122,True,True,1.0,1.0,10
3,3,True,9,9,18,183,10.166666666666666,0.6707637209726511,True,True,1.0,1.0,10
2,2,True,12,12,24,276,11.5,0.8303691566804219,True,True,1.0,1.0,13
2,2,True,6,14,20,231,11.55,0.7207216449915758,True,True,1.0,1.0,15
2,2,True,6,5,11,150,13.636363636363637,0.6975025763654884,True,True,1.0,1.0,6
3,3,True,12,14,26,307,11.807692307692308,0.7449447073330069,True,True,1.0,1.0,15
3,3,True,12,15,27,233,8.62962962962963,0.7471172300912952,True,True,1.0,1.0,16
3,3,True,9,14,23,186,8.08695652173913,0.6669148165817984,True,True,1.0,1.0,15
3,3,True,18,11,29,298,10.275862068965518,0.8094150408097504,True,True,1.0,0.9444444444444444,13
2,2,True,8,11,19,184,9.68421052631579,0.7749238325169182,True,True,1.0,1.0,12
3,3,True,9,13,22,189,8.590909090909092,0.6505133458111442,True,True,1.0,0.8888888888888888,15
2,2,True,6,10,16,171,10.6875,0.6249817217592586,True,True,1.0,1.0,11
3,3,True,12,14,26,293,11.26923076923077,0.7342305602421595,True,True,1.0,1.0,15
2,2,True,6,15,21,183,8.714285714285714,0.6902757565608448,True,True,1.0,1.0,16
2,2,True,6,15,21,238,11.333333333333334,0.6820671678192771,True,True,1.0,1.0,16
3,3,True,18,8,26,292,11.23076923076923,0.8359888373161467,True,True,1.0,1.0,9
2,2,True,12,11,23,226,9.826086956521738,0.8256029936758718,True,True,1.0,1.0,12
3,3,True,15,7,22,228,10.363636363636363,0.7972734362668051,True,True,1.0,1.0,8
2,2,True,12,12,24,199,8.291666666666666,0.7868188115056638,True,True,1.0,0.9166666666666666,14
2,2,True,6,12,18,191,10.61111111111111,0.6297283271658817,True,True,1.0,0.8333333333333334,14
2,2,True,10,10,20,150,7.5,0.7191096366346745,True,True,1.0,1.0,11
3,3,True,9,12,21,223,10.619047619047619,0.6313401733312496,True,True,1.0,1.0,13
2,2,True,12,6,18,150,8.333333333333334,0.8376127499534718,True,True,1.0,1.0,7
2,2,True,10,7,17,186,10.941176470588236,0.7836599546000528,True,True,1.0,1.0,8
3,3,True,15,14,29,341,11.758620689655173,0.8150689259373378,True,True,1.0,1.0,15
2,2,True,12,7,19,150,7.894736842105263,0.8325077266873303,True,True,1.0,1.0,8
2,2,True,10,7,17,163,9.588235294117647,0.7612312509549028,True,True,1.0,1.0,8
3,3,True,9,13,22,212,9.636363636363637,0.6819864859918867,True,True,1.0,1.0,14
2,2,True,12,5,17,197,11.588235294117647,0.8477976324287363,True,True,1.0,1.0,6
2,2,True,12,12,24,284,11.833333333333334,0.8462922215937526,True,True,1.0,1.0,13
3,3,True,15,6,21,223,10.619047619047619,0.7916027227450068,True,True,1.0,1.0,7
3,3,True,12,5,17,150,8.823529411764707,0.7411689700176328,True,True,1.0,0.9166666666666666,7
3,3,True,15,7,22,184,8.363636363636363,0.7675319431837596,True,True,1.0,1.0,8
2,2,True,8,10,18,195,10.833333333333334,0.7643779875038378,True,True,1.0,1.0,11
2,2,True,8,9,17,150,8.823529411764707,0.7312908515096589,True,True,1.0,1.0,10
3,3,True,9,11,20,225,11.25,0.7199604914653537,True,True,1.0,1.0,12
2,2,True,12,9,21,201,9.571428571428571,0.8525690987296551,True,True,1.0,1.0,10
2,2,True,6,15,21,176,8.380952380952381,0.6273636272355672,True,True,1.0,1.0,16
2,2,True,6,7,13,156,12.0,0.6449252619007014,True,True,1.0,1.0,8
2,2,True,6,6,12,150,12.5,0.6757285942003651,True,True,1.0,0.8333333333333334,8
3,3,True,9,14,23,202,8.782608695652174,0.6904765110649665,True,True,1.0,1.0,15
2,2,True,8,5,13,150,11.538461538461538,0.769723884717888,True,True,1.0,1.0,6
2,2,True,12,11,23,244,10.608695652173912,0.8152513135933768,True,True,1.0,1.0,12
3,3,True,18,11,29,341,11.758620689655173,0.8359928042248397,True,True,1.0,0.9444444444444444,13
3,3,True,9,8,17,154,9.058823529411764,0.6719048282598562,True,True,1.0,1.0,9
3,3,True,9,12,21,172,8.19047619047619,0.6178019436055859,True,True,1.0,1.0,13
3,3,True,15,5,20,150,7.5,0.790308668693345,True,True,1.0,1.0,6
3,3,True,12,9,21,195,9.285714285714286,0.7162335060404068,True,True,1.0,0.8333333333333334,12
3,3,True,18,5,23,192,8.347826086956522,0.8168270924405647,True,True,1.0,0.9444444444444444,7
2,2,True,10,13,23,179,7.782608695652174,0.7969545169931964,True,True,1.0,1.0,14
2,2,True,10,12,22,158,7.181818181818182,0.7662851527088049,True,True,1.0,0.9,14
3,3,True,18,14,32,233,7.28125,0.810366648192031,True,True,1.0,1.0,15
3,3,True,15,8,23,172,7.478260869565218,0.7514268170512418,True,True,1.0,1.0,9
3,3,True,12,10,22,215,9.772727272727273,0.7442791012907327,True,True,1.0,1.0,11
3,3,True,15,12,27,237,8.777777777777779,0.7819814898065638,True,True,1.0,1.0,13
2,2,True,10,10,20,158,7.9,0.7478512382437563,True,True,1.0,0.9,12
3,3,True,18,9,27,290,10.74074074074074,0.8658946095552298,True,True,1.0,0.9444444444444444,11
2,2,True,6,5,11,150,13.636363636363637,0.6849381060130395,True,True,1.0,0.8333333333333334,7
2,2,True,12,13,25,223,8.92,0.8383000779758281,True,True,1.0,1.0,14
2,2,True,12,12,24,260,10.833333333333334,0.8483954940556057,True,True,1.0,1.0,13
3,3,True,15,9,24,195,8.125,0.8015288380439711,True,True,1.0,1.0,10
2,2,True,12,6,18,167,9.277777777777779,0.8198883739882417,True,True,1.0,1.0,7
3,3,True,9,8,17,169,9.941176470588236,0.6918426178207555,True,True,1.0,1.0,9
2,2,True,6,8,14,154,11.0,0.6938527374134079,True,True,1.0,1.0,9
3,3,True,15,11,26,262,10.076923076923077,0.7962127297341285,True,True,1.0,1.0,12
2,2,True,8,8,16,184,11.5,0.7710293654131888,True,True,1.0,1.0,9
2,2,True,10,6,16,169,10.5625,0.77640963459094,True,True,1.0,0.9,8
3,3,True,12,10,22,264,12.0,0.8009425967653643,True,True,0.9166666666666666,0.9166666666666666,11
3,3,True,9,12,21,212,10.095238095238095,0.6981060138182029,True,True,1.0,1.0,13
2,2,True,6,5,11,150,13.636363636363637,0.7324775591203254,True,True,1.0,1.0,6
2,2,True,6,7,13,150,11.538461538461538,0.6844880785161654,True,True,1.0,1.0,8
3,3,True,9,12,21,237,11.285714285714286,0.6958558026872218,True,True,1.0,0.8888888888888888,14
2,2,True,12,11,23,192,8.347826086956522,0.8279835027451892,True,True,1.0,1.0,12
3,3,True,9,8,17,178,10.470588235294118,0.6664205949177008,True,True,1.0,1.0,9
3,3,True,18,11,29,284,9.793103448275861,0.842009490610115,True,True,1.0,1.0,12
3,3,True,9,8,17,189,11.117647058823529,0.6315823117280037,True,True,1.0,1.0,9
3,3,True,18,14,32,246,7.6875,0.8179167133673534,True,True,1.0,0.9444444444444444,16
3,3,True,15,14,29,290,10.0,0.7962800130968297,True,True,1.0,1.0,15
3,3,True,9,14,23,254,11.043478260869565,0.7012736411571395,True,True,1.0,1.0,15
3,3,True,9,14,23,264,11.478260869565217,0.6538101482045319,True,True,1.0,0.8888888888888888,16
3,3,True,12,14,26,205,7.884615384615385,0.7093591615479985,True,True,1.0,1.0,15
2,1,False,6,8,14,162,11.571428571428571,0.6353279380164224,True,True,1.0,0.5,12
2,2,True,10,8,18,168,9.333333333333334,0.7819919782013409,True,True,1.0,0.9,10
2,1,False,6,12,18,186,10.333333333333334,0.6008119777985705,True,True,1.0,0.5,16
2,2,True,10,11,21,202,9.619047619047619,0.7952442641794243,True,True,1.0,1.0,12
2,2,True,10,7,17,167,9.823529411764707,0.8292393590231126,True,True,1.0,1.0,8
2,2,True,12,13,25,200,8.0,0.8345551565096381,True,True,1.0,1.0,14
2,2,True,12,15,27,315,11.666666666666666,0.8717797834078168,True,True,1.0,1.0,16
3,3,True,12,13,25,213,8.52,0.7197251166393372,True,True,1.0,0.9166666666666666,15
2,2,True,6,6,12,150,12.5,0.6964970415735483,True,True,1.0,1.0,7
2,2,True,12,12,24,261,10.875,0.8691148198490543,True,True,1.0,1.0,13
2,2,True,6,7,13,150,11.538461538461538,0.6627993234481211,True,True,1.0,0.8333333333333334,9
2,2,True,10,10,20,230,11.5,0.7594340977481432,True,True,1.0,1.0,11
2,2,True,12,6,18,154,8.555555555555555,0.8283620345832914,True,True,1.0,1.0,7
2,2,True,6,7,13,150,11.538461538461538,0.6591406161588784,True,True,1.0,1.0,8
3,3,True,12,11,23,237,10.304347826086957,0.7425909007616084,True,True,1.0,1.0,12
2,2,True,8,14,22,207,9.409090909090908,0.7102304160029765,True,True,1.0,1.0,15
2,2,True,6,10,16,188,11.75,0.6647675775363272,True,True,1.0,1.0,11
3,3,True,12,9,21,156,7.428571428571429,0.7570450215425347,True,True,1.0,1.0,10
3,3,True,15,5,20,228,11.4,0.7655248913043933,True,True,1.0,1.0,6
2,2,True,12,6,18,213,11.833333333333334,0.8551413154330094,True,True,1.0,1.0,7
3,3,True,15,11,26,220,8.461538461538462,0.8116643688108764,True,True,1.0,1.0,12
2,2,True,8,15,23,259,11.26086956521739,0.7382465350379386,True,True,1.0,1.0,16
3,3,True,12,7,19,213,11.210526315789474,0.777492199468757,True,True,1.0,1.0,8
3,3,True,15,7,22,242,11.0,0.7914124802497899,True,True,1.0,0.9333333333333333,9
2,2,True,8,14,22,198,9.0,0.7333066460786638,True,True,1.0,1.0,15
2,2,True,8,13,21,234,11.142857142857142,0.7574693310515253,True,True,1.0,1.0,14
2,2,True,12,7,19,174,9.157894736842104,0.8117886797267082,True,True,1.0,0.9166666666666666,9
2,2,True,12,14,26,283,10.884615384615385,0.8016710717071541,True,True,1.0,0.9166666666666666,16
3,3,True,18,7,25,295,11.8,0.8820356128479672,True,True,1.0,1.0,8
3,2,False,9,8,17,163,9.588235294117647,0.6425294514409999,True,True,1.0,0.6666666666666666,12
2,2,True,10,12,22,221,10.045454545454545,0.8259842820582927,True,True,1.0,1.0,13
3,3,True,15,11,26,271,10.423076923076923,0.788006154794486,True,True,1.0,0.9333333333333333,13
3,3,True,9,12,21,207,9.857142857142858,0.6833767531656146,True,True,1.0,1.0,13
3,3,True,9,10,19,221,11.631578947368421,0.6724064962094142,True,True,1.0,1.0,11
2,2,True,12,11,23,162,7.043478260869565,0.8334404758729764,True,True,1.0,1.0,12
2,2,True,12,10,22,200,9.090909090909092,0.8526967654500548,True,True,1.0,1.0,11
3,3,True,9,11,20,180,9.0,0.6884571340146801,True,True,1.0,1.0,12
2,2,True,8,8,16,184,11.5,0.7389777163615027,True,True,1.0,1.0,9
3,2,False,9,10,19,227,11.947368421052632,0.6942121658150335,True,True,1.0,0.6666666666666666,14
2,2,True,12,6,18,171,9.5,0.8458480877168039,True,True,1.0,1.0,7
2,2,True,6,11,17,194,11.411764705882353,0.6638982999877208,True,True,1.0,0.8333333333333334,13
2,2,True,10,15,25,267,10.68,0.8360046762786564,True,True,1.0,0.9,17
3,3,True,12,13,25,249,9.96,0.7714856754747255,True,True,1.0,1.0,14
2,2,True,12,11,23,221,9.608695652173912,0.8393482602888404,True,True,1.0,0.9166666666666666,13
3,3,True,15,7,22,184,8.363636363636363,0.7841191683834863,True,True,1.0,1.0,8
2,2,True,8,13,21,159,7.571428571428571,0.7084892458563841,True,True,1.0,1.0,14
2,2,True,12,7,19,151,7.947368421052632,0.8352804632563899,True,True,1.0,1.0,8
2,2,True,6,8,14,155,11.071428571428571,0.674494621937608,True,True,1.0,0.8333333333333334,10
2,2,True,8,13,21,186,8.857142857142858,0.6898452560718998,True,True,1.0,0.75,16
3,3,True,9,7,16,151,9.4375,0.6994229266581985,True,True,1.0,1.0,8
2,2,True,10,10,20,156,7.8,0.8186047871518475,True,True,1.0,1.0,11
3,3,True,18,12,30,241,8.033333333333333,0.84078854206021,True,True,1.0,0.9444444444444444,14
2,2,True,8,12,20,201,10.05,0.7592102308603337,True,True,1.0,0.75,15
2,2,True,8,7,15,150,10.0,0.727951449152033,True,True,1.0,1.0,8
3,3,True,18,11,29,207,7.137931034482759,0.7922343381008206,True,True,1.0,0.9444444444444444,13
3,3,True,18,12,30,252,8.4,0.8268023887769446,True,True,1.0,1.0,13
3,3,True,9,8,17,150,8.823529411764707,0.6800064953434154,True,True,1.0,1.0,9
3,3,True,18,7,25,232,9.28,0.8105482867257882,True,True,1.0,1.0,8
3,3,True,15,6,21,187,8.904761904761905,0.7554633111846615,True,True,1.0,1.0,7
3,3,True,12,12,24,198,8.25,0.6989967529976888,True,True,1.0,1.0,13
3,3,True,12,9,21,179,8.523809523809524,0.7190910213922523,True,True,1.0,1.0,10
3,2,False,12,8,20,220,11.0,0.7348481133058965,True,True,1.0,0.6666666666666666,13
3,3,True,15,9,24,200,8.333333333333334,0.7502170941948398,True,True,1.0,1.0,10
3,3,True,12,14,26,194,7.461538461538462,0.6998069394789894,True,True,1.0,1.0,15
2,2,True,12,6,18,202,11.222222222222221,0.8136412424067501,True,True,1.0,1.0,7
3,3,True,15,8,23,264,11.478260869565217,0.8061178747262328,True,True,1.0,0.9333333333333333,10
3,3,True,15,12,27,236,8.74074074074074,0.7835512871622908,True,True,1.0,0.9333333333333333,14
2,2,True,6,15,21,184,8.761904761904763,0.709145774269027,True,True,1.0,1.0,16
2,2,True,8,15,23,263,11.434782608695652,0.7854249892434886,True,True,1.0,0.875,17
3,3,True,15,10,25,278,11.12,0.779410728423136,True,True,1.0,0.9333333333333333,12
3,3,True,12,15,27,285,10.555555555555555,0.7419930832384807,True,True,1.0,1.0,16
3,3,True,12,11,23,169,7.3478260869565215,0.7308548399171665,True,True,1.0,1.0,12
2,2,True,10,15,25,186,7.44,0.7593182311533783,True,True,1.0,0.9,17
2,2,True,12,6,18,204,11.333333333333334,0.8651217560744103,True,True,1.0,1.0,7
3,3,True,18,14,32,257,8.03125,0.8135354645303774,True,True,1.0,0.9444444444444444,16
2,2,True,12,8,20,202,10.1,0.7985327697198635,True,True,1.0,0.9166666666666666,10
2,2,True,6,7,13,150,11.538461538461538,0.6411155499850052,True,True,1.0,0.8333333333333334,9
3,3,True,9,9,18,150,8.333333333333334,0.6654066948240592,True,True,1.0,0.8888888888888888,11
3,3,True,12,14,26,295,11.346153846153847,0.7506396239733444,True,True,1.0,1.0,15
2,2,True,8,15,23,193,8.391304347826088,0.7527450187601329,True,True,1.0,1.0,16
2,2,True,10,8,18,150,8.333333333333334,0.7976356945067485,True,True,1.0,1.0,9
3,3,True,18,12,30,290,9.666666666666666,0.8313562755211673,True,True,1.0,1.0,13
3,3,True,15,13,28,286,10.214285714285714,0.7995666536941741,True,True,1.0,1.0,14
3,3,True,18,6,24,211,8.791666666666666,0.8394166632892751,True,True,1.0,1.0,7
2,2,True,10,12,22,214,9.727272727272727,0.7875299288932534,True,True,1.0,1.0,13
2,2,True,10,7,17,150,8.823529411764707,0.8118765872014587,True,True,1.0,1.0,8
3,3,True,12,11,23,187,8.130434782608695,0.7329541817582665,True,True,1.0,1.0,12
2,2,True,10,14,24,193,8.041666666666666,0.7513611599248868,True,True,1.0,0.9,16
3,3,True,18,14,32,268,8.375,0.8216243418594141,True,True,1.0,1.0,15
2,2,True,12,10,22,259,11.772727272727273,0.8769355957467591,True,True,1.0,1.0,11
3,3,True,12,10,22,208,9.454545454545455,0.7318351607505699,True,True,1.0,1.0,11
2,2,True,10,13,23,260,11.304347826086957,0.8029876247809993,True,True,1.0,0.8,16
3,3,True,12,13,25,209,8.36,0.7583187367951949,True,True,1.0,1.0,14
2,2,True,6,7,13,150,11.538461538461538,0.7191974682318019,True,True,1.0,1.0,8
3,3,True,9,9,18,150,8.333333333333334,0.6260077120761989,True,True,1.0,0.7777777777777778,12
2,2,True,8,15,23,202,8.782608695652174,0.7766889429047872,True,True,1.0,1.0,16
3,2,False,9,12,21,209,9.952380952380953,0.6651093563684072,True,True,1.0,0.6666666666666666,16
2,2,True,12,7,19,152,8.0,0.7938452697227907,True,True,1.0,1.0,8
3,3,True,18,12,30,213,7.1,0.8089664537293785,True,True,1.0,1.0,13
3,3,True,12,14,26,241,9.26923076923077,0.7312125807904186,True,True,1.0,1.0,15
2,2,True,8,6,14,150,10.714285714285714,0.7175720127819853,True,True,1.0,0.875,8
3,3,True,9,9,18,156,8.666666666666666,0.6799352182355329,True,True,1.0,1.0,10
2,2,True,12,11,23,232,10.08695652173913,0.8248467969581739,True,True,1.0,1.0,12
2,2,True,8,13,21,177,8.428571428571429,0.7470321904598652,True,True,1.0,1.0,14
3,3,True,12,5,17,150,8.823529411764707,0.7496970545491548,True,True,1.0,1.0,6
3,3,True,18,6,24,251,10.458333333333334,0.841969420212972,True,True,1.0,1.0,7
3,3,True,12,5,17,150,8.823529411764707,0.6922755223786129,True,True,1.0,1.0,6
2,2,True,12,5,17,150,8.823529411764707,0.8396583036339841,True,True,1.0,1.0,6
2,2,True,10,9,19,184,9.68421052631579,0.7658240678936049,True,True,1.0,1.0,10
3,3,True,9,7,16,155,9.6875,0.6419802664825918,True,True,1.0,1.0,8
3,3,True,9,6,15,150,10.0,0.6324468974133439,True,True,1.0,1.0,7
3,3,True,12,14,26,246,9.461538461538462,0.7467979108368805,True,True,1.0,1.0,15
3,3,True,12,10,22,231,10.5,0.7513200043967224,True,True,1.0,1.0,11
3,3,True,9,9,18,150,8.333333333333334,0.6810695906578366,True,True,1.0,1.0,10
3,3,True,18,11,29,271,9.344827586206897,0.8480845156915598,True,True,1.0,1.0,12
3,3,True,9,12,21,199,9.476190476190476,0.6456434265780571,True,True,1.0,1.0,13
2,2,True,12,11,23,255,11.08695652173913,0.8413377716033449,True,True,1.0,1.0,12
2,2,True,6,15,21,174,8.285714285714286,0.6936318028569254,True,True,1.0,1.0,16
3,2,False,9,15,24,200,8.333333333333334,0.6615875150740925,True,True,1.0,0.6666666666666666,19
3,3,True,15,14,29,326,11.241379310344827,0.8239173743404389,True,True,1.0,1.0,15
2,2,True,8,10,18,170,9.444444444444445,0.7377710584027044,True,True,1.0,1.0,11
2,2,True,6,9,15,170,11.333333333333334,0.7005828551799397,True,True,1.0,1.0,10
2,2,True,12,13,25,210,8.4,0.8172199293194558,True,True,1.0,1.0,14
3,3,True,15,5,20,178,8.9,0.7697949457696236,True,True,1.0,0.9333333333333333,7
2,2,True,12,13,25,293,11.72,0.822340176942885,True,True,1.0,0.9166666666666666,15
2,2,True,10,10,20,150,7.5,0.7858704766650281,True,True,1.0,1.0,11
2,2,True,8,9,17,194,11.411764705882353,0.758470715510276,True,True,1.0,1.0,10
3,3,True,12,10,22,232,10.545454545454545,0.7702454586109289,True,True,1.0,0.9166666666666666,12
2,2,True,6,14,20,169,8.45,0.688506000129241,True,True,1.0,1.0,15
3,3,True,15,5,20,237,11.85,0.7995480833359795,True,True,1.0,1.0,6
3,3,True,9,8,17,201,11.823529411764707,0.6918697394330133,True,True,1.0,1.0,9
3,3,True,18,12,30,299,9.966666666666667,0.8132515615019867,True,True,1.0,1.0,13
2,2,True,8,14,22,169,7.681818181818182,0.7503632293849829,True,True,1.0,1.0,15
3,3,True,18,8,26,252,9.692307692307692,0.8402783107456182,True,True,1.0,1.0,9
2,2,True,10,12,22,251,11.409090909090908,0.8157416839846565,True,True,1.0,0.9,14
2,2,True,12,14,26,271,10.423076923076923,0.8102712195802351,True,True,1.0,1.0,15
3,3,True,12,6,18,150,8.333333333333334,0.6828097804073513,True,True,1.0,1.0,7
3,3,True,15,15,30,298,9.933333333333334,0.796527328712417,True,True,1.0,1.0,16
3,3,True,12,7,19,150,7.894736842105263,0.7325788818430081,True,True,1.0,0.9166666666666666,9
2,2,True,10,10,20,208,10.4,0.7955349440518619,True,True,1.0,1.0,11
3,3,True,15,8,23,249,10.826086956521738,0.8247127313343139,True,True,1.0,1.0,9
2,2,True,8,6,14,150,10.714285714285714,0.7422661284375647,True,True,1.0,0.875,8
3,3,True,18,13,31,336,10.838709677419354,0.8334515001521767,True,True,1.0,0.9444444444444444,15
2,2,True,6,11,17,193,11.352941176470589,0.6544397505746353,True,True,1.0,0.8333333333333334,13
2,2,True,8,7,15,154,10.266666666666667,0.7191608841337633,True,True,1.0,1.0,8
2,2,True,8,10,18,150,8.333333333333334,0.7757579949724666,True,True,1.0,1.0,11
3,3,True,12,15,27,276,10.222222222222221,0.730650673558234,True,True,1.0,0.9166666666666666,17
2,2,True,8,9,17,151,8.882352941176471,0.7825172892386912,True,True,1.0,1.0,10
3,3,True,12,12,24,242,10.083333333333334,0.7467758272751335,True,True,1.0,0.9166666666666666,14
3,3,True,9,6,15,150,10.0,0.6381150319601359,True,True,1.0,0.8888888888888888,8
2,2,True,10,14,24,265,11.041666666666666,0.8085512141810371,True,True,1.0,1.0,15
2,2,True,6,11,17,151,8.882352941176471,0.6257213710409144,True,True,1.0,1.0,12
3,3,True,15,14,29,251,8.655172413793103,0.7671561888204962,True,True,1.0,1.0,15
2,2,True,8,10,18,185,10.277777777777779,0.7172788217598306,True,True,1.0,1.0,11
3,3,True,18,13,31,336,10.838709677419354,0.8389355832244275,True,True,1.0,1.0,14
2,2,True,8,6,14,150,10.714285714285714,0.7567292741291191,True,True,1.0,1.0,7
3,3,True,18,8,26,286,11.0,0.847213067597974,True,True,1.0,1.0,9
3,3,True,9,5,14,155,11.071428571428571,0.6674717792585223,True,True,1.0,1.0,6
2,1,False,6,15,21,235,11.19047619047619,0.6958173116790575,True,True,1.0,0.5,19
2,2,True,12,7,19,228,12.0,0.8657865849290981,True,True,1.0,1.0,8
2,2,True,6,9,15,150,10.0,0.6428739455543546,True,True,1.0,1.0,10
3,3,True,18,14,32,230,7.1875,0.8163794080857985,True,True,1.0,1.0,15
2,2,True,10,8,18,205,11.38888888888889,0.812845971578013,True,True,1.0,0.9,10
2,2,True,8,12,20,209,10.45,0.7591645355843498,True,True,1.0,0.875,14
3,3,True,12,6,18,159,8.833333333333334,0.7020709769830346,True,True,1.0,0.9166666666666666,8
3,3,True,9,9,18,150,8.333333333333334,0.6600257538007045,True,True,1.0,1.0,10
3,3,True,9,7,16,186,11.625,0.6418926977139165,True,True,1.0,1.0,8
2,2,True,10,13,23,274,11.91304347826087,0.8381158682173476,True,True,1.0,1.0,14
3,3,True,18,12,30,317,10.566666666666666,0.8277928058534108,True,True,1.0,1.0,13
2,2,True,12,9,21,248,11.80952380952381,0.8367249833886504,True,True,1.0,1.0,10
3,3,True,18,7,25,210,8.4,0.8175642421351281,True,True,1.0,1.0,8
3,3,True,15,14,29,301,10.379310344827585,0.8096470558599331,True,True,1.0,0.9333333333333333,16
3,3,True,18,11,29,220,7.586206896551724,0.8182893279895006,True,True,1.0,0.9444444444444444,13
3,3,True,18,9,27,267,9.88888888888889,0.8267748000079685,True,True,1.0,0.9444444444444444,11
3,3,True,18,7,25,286,11.44,0.8574455816409272,True,True,1.0,1.0,8
3,3,True,9,6,15,152,10.133333333333333,0.6729976746794581,True,True,1.0,1.0,7
2,2,True,8,9,17,202,11.882352941176471,0.7364431781894408,True,True,1.0,1.0,10
3,3,True,18,15,33,310,9.393939393939394,0.8249405490407301,True,True,1.0,1.0,16
2,2,True,12,11,23,269,11.695652173913043,0.8503510271467465,True,True,1.0,1.0,12
3,3,True,12,10,22,230,10.454545454545455,0.7492648078331985,True,True,1.0,0.9166666666666666,12
2,2,True,10,15,25,240,9.6,0.7874432403526624,True,True,1.0,1.0,16
3,3,True,18,11,29,232,8.0,0.8267013932843355,True,True,1.0,1.0,12
3,3,True,18,6,24,212,8.833333333333334,0.8490166499993147,True,True,1.0,1.0,7
2,2,True,10,10,20,230,11.5,0.8109488958218781,True,True,1.0,1.0,11
2,2,True,12,15,27,254,9.407407407407407,0.7940861585983732,True,True,1.0,1.0,16
3,2,False,9,7,16,150,9.375,0.6022047720311942,True,True,1.0,0.6666666666666666,11
3,3,True,9,14,23,224,9.73913043478261,0.6459497111096003,True,True,1.0,0.7777777777777778,17
2,2,True,6,8,14,150,10.714285714285714,0.6929924998283715,True,True,1.0,1.0,9
3,3,True,15,11,26,259,9.961538461538462,0.8052003381200008,True,True,1.0,0.8666666666666667,14
3,3,True,15,10,25,186,7.44,0.7628315524380989,True,True,1.0,1.0,11
2,2,True,12,10,22,259,11.772727272727273,0.8653497075539549,True,True,1.0,1.0,11
3,3,True,9,5,14,159,11.357142857142858,0.6652863452312056,True,True,1.0,1.0,6
2,2,True,10,10,20,207,10.35,0.8257206488615617,True,True,1.0,1.0,11
2,2,True,10,14,24,287,11.958333333333334,0.8008624135064573,True,True,1.0,1.0,15
2,1,False,6,11,17,201,11.823529411764707,0.6639807181727848,True,True,1.0,0.5,15
3,3,True,12,5,17,185,10.882352941176471,0.7316013900818862,True,True,1.0,1.0,6
2,2,True,12,6,18,150,8.333333333333334,0.7899779057871894,True,True,1.0,1.0,7
2,2,True,12,7,19,150,7.894736842105263,0.843101224431639,True,True,1.0,1.0,8
2,2,True,8,9,17,167,9.823529411764707,0.7339250798488761,True,True,1.0,0.875,11
2,2,True,8,6,14,150,10.714285714285714,0.7500101074594824,True,True,1.0,1.0,7
3,3,True,12,10,22,177,8.045454545454545,0.759296334405902,True,True,1.0,1.0,11
3,3,True,12,12,24,219,9.125,0.7576392820626133,True,True,1.0,0.9166666666666666,14
2,1,False,6,14,20,151,7.55,0.6593193181323678,True,True,1.0,0.5,18
3,3,True,15,7,22,156,7.090909090909091,0.7846758544525608,True,True,1.0,1.0,8
2,2,True,6,11,17,151,8.882352941176471,0.6523918021680803,True,True,1.0,1.0,12
3,3,True,9,15,24,243,10.125,0.6936337505472654,True,True,1.0,1.0,16
2,2,True,10,8,18,150,8.333333333333334,0.8152250323746515,True,True,1.0,1.0,9
2,2,True,6,9,15,177,11.8,0.641034627558183,True,True,1.0,1.0,10
3,3,True,9,6,15,155,10.333333333333334,0.6460478428413267,True,True,1.0,1.0,7
3,3,True,18,8,26,275,10.576923076923077,0.8463425194715217,True,True,1.0,1.0,9
3,3,True,15,15,30,220,7.333333333333333,0.7829197368992806,True,True,1.0,1.0,16
2,2,True,6,12,18,166,9.222222222222221,0.7033952363298492,True,True,1.0,1.0,13
3,3,True,12,5,17,164,9.647058823529411,0.7577401492770475,True,True,1.0,1.0,6
3,3,True,12,7,19,150,7.894736842105263,0.7625444468240692,True,True,1.0,1.0,8
2,2,True,10,15,25,206,8.24,0.7942688379978797,True,True,1.0,0.9,17
2,2,True,6,6,12,150,12.5,0.7272849761405937,True,True,1.0,1.0,7
3,2,False,12,14,26,202,7.769230769230769,0.6983461940122865,True,True,1.0,0.6666666666666666,19
3,3,True,12,10,22,176,8.0,0.756889529786391,True,True,1.0,1.0,11
2,2,True,8,14,22,207,9.409090909090908,0.7934542841142654,True,True,1.0,1.0,15
3,3,True,18,7,25,251,10.04,0.8405486306951953,True,True,1.0,0.8333333333333334,11
2,2,True,6,10,16,186,11.625,0.6716604169487304,True,True,1.0,1.0,11
3,3,True,18,9,27,303,11.222222222222221,0.8429256258468287,True,True,1.0,0.8888888888888888,12
2,2,True,10,10,20,226,11.3,0.8006914733438852,True,True,1.0,1.0,11
2,2,True,12,9,21,216,10.285714285714286,0.8721115104072894,True,True,1.0,1.0,10
2,2,True,10,14,24,211,8.791666666666666,0.7934332270863683,True,True,1.0,1.0,15
3,2,False,15,14,29,227,7.827586206896552,0.772551456103061,True,True,1.0,0.6666666666666666,20
3,3,True,12,9,21,164,7.809523809523809,0.7117602426918046,True,True,1.0,1.0,10
3,3,True,12,8,20,152,7.6,0.6987807633784617,True,True,1.0,0.8333333333333334,11
2,2,True,12,15,27,205,7.592592592592593,0.8108431558560708,True,True,1.0,1.0,16
3,3,True,15,13,28,319,11.392857142857142,0.8072294572329487,True,True,1.0,1.0,14
2,2,True,10,7,17,164,9.647058823529411,0.804958422804488,True,True,1.0,1.0,8
3,2,False,9,15,24,229,9.541666666666666,0.6661040107746931,True,True,1.0,0.6666666666666666,19
3,3,True,18,11,29,222,7.655172413793103,0.7826160912693968,True,True,1.0,0.9444444444444444,13
3,3,True,9,9,18,202,11.222222222222221,0.6414897554925459,True,True,1.0,1.0,10
3,3,True,18,12,30,266,8.866666666666667,0.8261454694235332,True,True,1.0,1.0,13
3,3,True,15,12,27,207,7.666666666666667,0.7658761315932233,True,True,1.0,0.9333333333333333,14
3,3,True,9,8,17,150,8.823529411764707,0.6322689693971133,True,True,1.0,1.0,9
3,3,True,18,9,27,192,7.111111111111111,0.8332497426981432,True,True,1.0,1.0,10
3,3,True,15,6,21,194,9.238095238095237,0.7933523729224996,True,True,1.0,1.0,7
2,2,True,12,8,20,160,8.0,0.8115690636955618,True,True,1.0,0.9166666666666666,10
2,2,True,6,12,18,197,10.944444444444445,0.7154995370682881,True,True,1.0,1.0,13
2,2,True,12,5,17,191,11.235294117647058,0.8428198931703373,True,True,1.0,1.0,6
3,3,True,15,9,24,264,11.0,0.795631746673169,True,True,1.0,0.9333333333333333,11
2,2,True,8,15,23,213,9.26086956521739,0.7512590188733371,True,True,1.0,0.875,17
3,3,True,18,6,24,201,8.375,0.8255547355643291,True,True,1.0,1.0,7
3,3,True,12,15,27,192,7.111111111111111,0.7232603070451074,True,True,1.0,1.0,16
2,2,True,10,6,16,150,9.375,0.8083708185505778,True,True,1.0,1.0,7
2,2,True,12,10,22,198,9.0,0.7963282771239912,True,True,1.0,0.9166666666666666,12
3,3,True,18,7,25,287,11.48,0.8528001001591495,True,True,1.0,1.0,8
3,3,True,15,6,21,225,10.714285714285714,0.8226699030496715,True,True,1.0,0.9333333333333333,8
2,2,True,6,11,17,191,11.235294117647058,0.6920063902163356,True,True,1.0,1.0,12
2,1,False,8,11,19,167,8.789473684210526,0.708835445594046,True,True,1.0,0.5,16
3,3,True,12,8,20,190,9.5,0.7023468020351441,True,True,1.0,1.0,9
3,3,True,12,13,25,218,8.72,0.7320862277533097,True,True,1.0,1.0,14
3,3,True,18,6,24,236,9.833333333333334,0.8427271907102512,True,True,1.0,0.9444444444444444,8
2,2,True,12,13,25,270,10.8,0.8391680611159184,True,True,1.0,0.9166666666666666,15
3,3,True,18,15,33,315,9.545454545454545,0.8253025486346868,True,True,1.0,1.0,16
3,3,True,18,15,33,372,11.272727272727273,0.8337396042462575,True,True,1.0,0.9444444444444444,17
3,3,True,15,11,26,301,11.576923076923077,0.8271694484372979,True,True,1.0,1.0,12
2,2,True,10,7,17,187,11.0,0.7716642245733503,True,True,1.0,0.9,9
3,2,False,9,6,15,150,10.0,0.6159141750664278,True,True,1.0,0.6666666666666666,10
3,2,False,9,7,16,150,9.375,0.6903465993676776,True,True,1.0,0.6666666666666666,11
3,3,True,18,6,24,226,9.416666666666666,0.8517840916824212,True,True,1.0,1.0,7
3,3,True,18,6,24,228,9.5,0.7971352363050886,True,True,1.0,0.9444444444444444,8
2,2,True,6,9,15,150,10.0,0.6983552825161158,True,True,1.0,1.0,10
2,2,True,8,6,14,150,10.714285714285714,0.7147094643813555,True,True,1.0,1.0,7
3,3,True,18,11,29,260,8.96551724137931,0.8297968411293617,True,True,1.0,1.0,12
3,3,True,18,10,28,213,7.607142857142857,0.8084296849158932,True,True,1.0,1.0,11
2,2,True,12,14,26,190,7.3076923076923075,0.8205303149554122,True,True,1.0,1.0,15
3,3,True,9,10,19,179,9.421052631578947,0.6703285807528385,True,True,1.0,1.0,11
2,2,True,12,13,25,177,7.08,0.8279614844666409,True,True,1.0,1.0,14
2,2,True,12,8,20,150,7.5,0.8419846578779987,True,True,1.0,1.0,9
2,2,True,10,14,24,282,11.75,0.7790199444878213,True,True,1.0,1.0,15
2,2,True,8,7,15,150,10.0,0.7609376321027064,True,True,1.0,1.0,8
2,1,False,6,6,12,150,12.5,0.6566725832298622,True,True,1.0,0.5,10
3,3,True,18,6,24,237,9.875,0.8400606513945227,True,True,1.0,1.0,7
2,2,True,6,7,13,150,11.538461538461538,0.7146855944318049,True,True,1.0,1.0,8
3,3,True,15,11,26,263,10.115384615384615,0.7772682756584425,True,True,1.0,0.9333333333333333,13
3,3,True,12,11,23,187,8.130434782608695,0.7197745165476225,True,True,1.0,1.0,12
2,2,True,8,11,19,219,11.526315789473685,0.7819182437295404,True,True,1.0,1.0,12
3,3,True,18,8,26,276,10.615384615384615,0.8494616400199217,True,True,1.0,1.0,9
2,2,True,12,5,17,150,8.823529411764707,0.8308543728760165,True,True,1.0,0.9166666666666666,7
2,2,True,6,9,15,150,10.0,0.6399747506404744,True,True,1.0,1.0,10
2,1,False,6,7,13,150,11.538461538461538,0.5988029401210967,False,True,1.0,0.5,11
2,2,True,6,11,17,177,10.411764705882353,0.6352055416758734,True,True,1.0,1.0,12
2,1,False,6,6,12,150,12.5,0.5794756838679027,False,True,1.0,0.5,10
2,2,True,8,13,21,242,11.523809523809524,0.725331412930386,True,True,1.0,1.0,14
3,3,True,15,10,25,259,10.36,0.8093823512636025,True,True,1.0,1.0,11
3,3,True,12,11,23,209,9.08695652173913,0.7434787103998055,True,True,1.0,0.9166666666666666,13
3,3,True,18,15,33,315,9.545454545454545,0.8375077141277897,True,True,1.0,1.0,16
2,2,True,12,10,22,237,10.772727272727273,0.8334215301655546,True,True,1.0,1.0,11
2,2,True,8,5,13,150,11.538461538461538,0.7026013456001299,True,True,1.0,0.875,7
2,2,True,12,7,19,193,10.157894736842104,0.8479661839822054,True,True,1.0,1.0,8
2,2,True,6,12,18,211,11.722222222222221,0.7374502542753767,True,True,1.0,1.0,13
3,3,True,12,9,21,242,11.523809523809524,0.7508817336439971,True,True,1.0,1.0,10
3,3,True,12,6,18,175,9.722222222222221,0.7409582113950475,True,True,1.0,1.0,7
2,2,True,10,9,19,187,9.842105263157896,0.7752710654661807,True,True,1.0,1.0,10
3,3,True,15,10,25,209,8.36,0.7660290172424463,True,True,1.0,0.9333333333333333,12
2,2,True,10,8,18,187,10.38888888888889,0.7772316997542847,True,True,1.0,1.0,9
3,3,True,9,8,17,150,8.823529411764707,0.6686699376345034,True,True,1.0,1.0,9
2,2,True,12,13,25,194,7.76,0.8055632630182299,True,True,1.0,1.0,14
3,3,True,18,15,33,378,11.454545454545455,0.853955443012992,True,True,1.0,1.0,16
3,3,True,9,10,19,213,11.210526315789474,0.6916460340688328,True,True,1.0,1.0,11
2,2,True,6,12,18,173,9.61111111111111,0.6981535329513583,True,True,1.0,1.0,13
3,3,True,12,7,19,196,10.31578947368421,0.7731935245542694,True,True,1.0,1.0,8
3,3,True,9,5,14,150,10.714285714285714,0.6614500572514918,True,True,1.0,1.0,6
2,1,False,6,7,13,150,11.538461538461538,0.6744441732571879,True,True,1.0,0.5,11
3,3,True,9,11,20,239,11.95,0.6885685080035222,True,True,1.0,1.0,12
3,2,False,9,11,20,150,7.5,0.6311630903128375,True,True,1.0,0.5555555555555556,16
2,2,True,6,7,13,150,11.538461538461538,0.6469052149889418,True,True,1.0,0.8333333333333334,9
3,3,True,12,10,22,238,10.818181818181818,0.7136585831356227,True,True,1.0,0.9166666666666666,12
2,2,True,12,11,23,230,10.0,0.8093002214576379,True,True,1.0,0.8333333333333334,14
2,2,True,8,6,14,150,10.714285714285714,0.764029919531058,True,True,1.0,0.875,8
3,3,True,12,7,19,150,7.894736842105263,0.6984678592130805,True,True,1.0,0.9166666666666666,9
3,3,True,12,14,26,230,8.846153846153847,0.7618629781658226,True,True,1.0,1.0,15
2,2,True,10,9,19,209,11.0,0.8232781201427667,True,True,1.0,1.0,10
2,2,True,6,10,16,191,11.9375,0.681358738554042,True,True,1.0,1.0,11
2,2,True,10,8,18,150,8.333333333333334,0.7724776641169294,True,True,1.0,0.9,10
2,2,True,12,14,26,226,8.692307692307692,0.840597325324056,True,True,1.0,1.0,15
2,2,True,8,6,14,150,10.714285714285714,0.7787342113634194,True,True,1.0,1.0,7
3,3,True,9,13,22,197,8.954545454545455,0.7230719490408064,True,True,1.0,1.0,14
2,2,True,10,15,25,293,11.72,0.7879117449702628,True,True,1.0,1.0,16
2,2,True,6,12,18,150,8.333333333333334,0.6436079452380781,True,True,1.0,0.8333333333333334,14
2,2,True,8,13,21,220,10.476190476190476,0.7514505639394625,True,True,1.0,0.875,15
2,2,True,12,9,21,241,11.476190476190476,0.837775024746755,True,True,1.0,1.0,10
3,3,True,9,12,21,211,10.047619047619047,0.6453692859606306,True,True,1.0,0.8888888888888888,14
2,2,True,10,7,17,174,10.235294117647058,0.8014127415054019,True,True,1.0,0.8,10
3,3,True,18,10,28,222,7.928571428571429,0.8290820925015083,True,True,1.0,0.9444444444444444,12
2,2,True,8,7,15,150,10.0,0.729108933243958,True,True,1.0,0.875,9
3,3,True,9,5,14,153,10.928571428571429,0.6912938737548763,True,True,1.0,1.0,6
2,2,True,12,8,20,162,8.1,0.8291241890645299,True,True,1.0,1.0,9
2,2,True,8,6,14,150,10.714285714285714,0.743350481568908,True,True,1.0,0.875,8
3,3,True,9,14,23,240,10.434782608695652,0.6645239956241222,True,True,1.0,0.8888888888888888,16
2,2,True,12,11,23,247,10.73913043478261,0.8344844076699786,True,True,1.0,1.0,12
2,2,True,6,7,13,150,11.538461538461538,0.6972870451393332,True,True,1.0,1.0,8
2,2,True,10,6,16,150,9.375,0.8100247676515974,True,True,1.0,1.0,7
2,2,True,6,9,15,150,10.0,0.6886197237808351,True,True,1.0,1.0,10
3,3,True,9,7,16,163,10.1875,0.6603775047156952,True,True,1.0,1.0,8
3,3,True,12,6,18,203,11.277777777777779,0.7421476706947899,True,True,1.0,1.0,7
2,2,True,8,15,23,243,10.565217391304348,0.7524210015499151,True,True,1.0,1.0,16
3,1,False,9,14,23,233,10.130434782608695,0.6819392696804919,True,True,1.0,0.3333333333333333,21
2,2,True,8,9,17,155,9.117647058823529,0.6987882750732952,True,True,1.0,1.0,10
3,3,True,15,5,20,191,9.55,0.8093514168006716,True,True,1.0,1.0,6
3,3,True,18,10,28,236,8.428571428571429,0.8230193704903979,True,True,1.0,1.0,11
3,3,True,12,15,27,297,11.0,0.7707082560321629,True,True,1.0,1.0,16
3,3,True,15,12,27,249,9.222222222222221,0.7537950138512446,True,True,1.0,1.0,13
3,3,True,9,9,18,195,10.833333333333334,0.6706941054276953,True,True,1.0,1.0,10
3,3,True,18,15,33,381,11.545454545454545,0.858220430172892,True,True,1.0,1.0,16
3,3,True,18,5,23,165,7.173913043478261,0.8503170090843996,True,True,1.0,1.0,6
2,2,True,8,11,19,150,7.894736842105263,0.7124004937376727,True,True,1.0,0.875,13
2,2,True,6,15,21,164,7.809523809523809,0.6243193218686136,True,True,1.0,0.8333333333333334,17
3,3,True,18,12,30,249,8.3,0.8344779074311394,True,True,1.0,1.0,13
3,3,True,18,7,25,281,11.24,0.8542571784767374,True,True,1.0,0.9444444444444444,9
3,3,True,12,12,24,257,10.708333333333334,0.7505214989384642,True,True,1.0,1.0,13
2,2,True,6,5,11,150,13.636363636363637,0.717823408705234,True,True,1.0,1.0,6
2,2,True,8,15,23,269,11.695652173913043,0.7444704477097036,True,True,1.0,1.0,16
3,3,True,15,10,25,214,8.56,0.7799027303625912,True,True,1.0,0.8666666666666667,13
2,2,True,10,10,20,185,9.25,0.7604509084770359,True,True,1.0,0.8,13
3,3,True,15,5,20,150,7.5,0.7793950606766447,True,True,1.0,0.9333333333333333,7
2,2,True,10,8,18,150,8.333333333333334,0.7603000317956461,True,True,1.0,1.0,9
2,2,True,10,12,22,204,9.272727272727273,0.786979460584554,True,True,1.0,1.0,13
3,3,True,9,15,24,197,8.208333333333334,0.6211423105990932,True,True,1.0,1.0,16
3,3,True,9,9,18,155,8.61111111111111,0.6579931023416659,True,True,1.0,1.0,10
2,2,True,12,9,21,165,7.857142857142857,0.8299544151542362,True,True,1.0,1.0,10
2,2,True,8,11,19,166,8.736842105263158,0.7306608455921944,True,True,1.0,1.0,12
3,3,True,12,14,26,195,7.5,0.7421068139286776,True,True,1.0,1.0,15
3,3,True,15,9,24,254,10.583333333333334,0.8223085532661791,True,True,1.0,1.0,10
3,3,True,18,15,33,271,8.212121212121213,0.8132800006901761,True,True,1.0,1.0,16
2,2,True,10,8,18,150,8.333333333333334,0.7712946732234727,True,True,1.0,1.0,9
3,3,True,15,11,26,301,11.576923076923077,0.836297798177459,True,True,1.0,1.0,12
3,3,True,9,9,18,213,11.833333333333334,0.6796945624304394,True,True,1.0,1.0,10
3,3,True,12,14,26,241,9.26923076923077,0.7383659084418185,True,True,1.0,1.0,15
3,3,True,18,8,26,278,10.692307692307692,0.8556323247393292,True,True,1.0,1.0,9
3,3,True,9,5,14,150,10.714285714285714,0.7043059899057532,True,True,1.0,1.0,6
3,3,True,18,15,33,390,11.818181818181818,0.8480239906932304,True,True,1.0,1.0,16
2,2,True,6,9,15,159,10.6,0.6631565352896521,True,True,1.0,1.0,10
2,2,True,10,10,20,236,11.8,0.8249270579084617,True,True,1.0,1.0,11
3,3,True,18,10,28,314,11.214285714285714,0.8348617935808089,True,True,1.0,0.9444444444444444,12
3,3,True,12,15,27,289,10.703703703703704,0.7499612995546784,True,True,1.0,1.0,16
2,2,True,6,13,19,150,7.894736842105263,0.6471936707727781,True,True,1.0,1.0,14
2,2,True,6,11,17,172,10.117647058823529,0.674932553488765,True,True,1.0,0.8333333333333334,13
2,2,True,10,5,15,150,10.0,0.7237380724387601,True,True,1.0,0.8,8
3,3,True,18,9,27,247,9.148148148148149,0.8290568687844244,True,True,1.0,0.9444444444444444,11
3,3,True,12,5,17,150,8.823529411764707,0.7187114069362848,True,True,1.0,0.9166666666666666,7
2,2,True,10,7,17,187,11.0,0.8295629329738886,True,True,1.0,0.9,9
3,3,True,18,6,24,182,7.583333333333333,0.8252852113916956,True,True,1.0,0.9444444444444444,8
2,2,True,12,10,22,173,7.863636363636363,0.8293753571973002,True,True,1.0,1.0,11
3,3,True,18,11,29,298,10.275862068965518,0.8119792957826653,True,True,1.0,1.0,12
3,3,True,9,14,23,236,10.26086956521739,0.654709417545452,True,True,1.0,1.0,15
2,2,True,10,10,20,228,11.4,0.8163216640870893,True,True,1.0,1.0,11
3,3,True,12,11,23,178,7.739130434782608,0.6939058569121743,True,True,1.0,0.9166666666666666,13
3,3,True,12,12,24,213,8.875,0.7271079512335351,True,True,1.0,1.0,13
3,3,True,9,14,23,217,9.434782608695652,0.6661251563460021,True,True,1.0,1.0,15
3,3,True,18,11,29,262,9.03448275862069,0.8305539223558596,True,True,1.0,1.0,12
3,3,True,12,11,23,204,8.869565217391305,0.7320982246515759,True,True,1.0,1.0,12
3,3,True,15,7,22,245,11.136363636363637,0.8131501796561431,True,True,1.0,1.0,8
3,3,True,18,12,30,239,7.966666666666667,0.8406831556525175,True,True,1.0,1.0,13
2,2,True,6,7,13,150,11.538461538461538,0.6379958214127804,True,True,1.0,1.0,8
2,2,True,6,12,18,153,8.5,0.6545567720945908,True,True,1.0,1.0,13
3,3,True,12,5,17,150,8.823529411764707,0.7209028086266108,True,True,1.0,1.0,6
3,3,True,9,15,24,215,8.958333333333334,0.6297537262960282,True,True,1.0,0.8888888888888888,17
3,3,True,18,13,31,276,8.903225806451612,0.8354372838381059,True,True,1.0,1.0,14
2,2,True,12,7,19,150,7.894736842105263,0.7846863403790616,True,True,1.0,0.75,11
3,3,True,15,13,28,298,10.642857142857142,0.7899923270082776,True,True,1.0,1.0,14
3,3,True,12,9,21,176,8.380952380952381,0.7270727785737174,True,True,1.0,0.8333333333333334,12
2,2,True,8,9,17,199,11.705882352941176,0.7596748799581167,True,True,1.0,1.0,10
3,3,True,18,8,26,184,7.076923076923077,0.8104444222957822,True,True,1.0,1.0,9
3,2,False,9,10,19,197,10.368421052631579,0.7027069912721593,True,True,1.0,0.6666666666666666,14
2,2,True,10,14,24,211,8.791666666666666,0.8146057272783351,True,True,1.0,1.0,15
3,3,True,18,5,23,268,11.652173913043478,0.8425471849221883,True,True,1.0,0.9444444444444444,7
2,2,True,8,13,21,175,8.333333333333334,0.7227615685026823,True,True,1.0,0.875,15
2,2,True,6,7,13,150,11.538461538461538,0.6932611969972973,True,True,1.0,1.0,8
2,2,True,8,11,19,152,8.0,0.7485519875736169,True,True,1.0,1.0,12
3,3,True,12,6,18,192,10.666666666666666,0.7450381660480395,True,True,1.0,1.0,7
2,2,True,10,6,16,169,10.5625,0.8094398747934101,True,True,1.0,1.0,7
2,2,True,8,12,20,195,9.75,0.7500927716195777,True,True,1.0,1.0,13
2,2,True,12,9,21,225,10.714285714285714,0.8315569398550088,True,True,1.0,1.0,10
3,3,True,15,8,23,254,11.043478260869565,0.8171037784529908,True,True,1.0,1.0,9
2,2,True,10,5,15,150,10.0,0.8435929277540909,True,True,1.0,1.0,6
3,3,True,9,8,17,187,11.0,0.7153866663413262,True,True,1.0,1.0,9
3,3,True,12,15,27,272,10.074074074074074,0.7391451144516838,True,True,1.0,1.0,16
2,2,True,8,9,17,150,8.823529411764707,0.7261022430062672,True,True,1.0,0.875,11
3,3,True,18,13,31,359,11.580645161290322,0.8559590557085566,True,True,1.0,1.0,14
2,2,True,10,10,20,222,11.1,0.7878407873862883,True,True,1.0,1.0,11
3,3,True,12,13,25,281,11.24,0.7615182630968561,True,True,1.0,1.0,14
2,2,True,8,10,18,150,8.333333333333334,0.7474955182382544,True,True,1.0,1.0,11
2,2,True,10,8,18,198,11.0,0.8031753633651342,True,True,1.0,0.9,10
3,3,True,15,5,20,178,8.9,0.8264084983227789,True,True,1.0,1.0,6
3,3,True,15,14,29,323,11.137931034482758,0.8167600920824619,True,True,1.0,1.0,15
3,3,True,15,15,30,244,8.133333333333333,0.7417667258384086,True,True,1.0,0.9333333333333333,17
3,3,True,18,5,23,182,7.913043478260869,0.8449078815814283,True,True,1.0,1.0,6
2,2,True,8,13,21,174,8.285714285714286,0.6462200396700651,True,True,1.0,0.875,15
2,2,True,10,10,20,197,9.85,0.8312826581885051,True,True,1.0,1.0,11
2,2,True,10,14,24,204,8.5,0.80794905309524,True,True,1.0,0.9,16
2,2,True,10,10,20,150,7.5,0.8184829158620757,True,True,1.0,1.0,11
3,3,True,15,15,30,237,7.9,0.7840235422951377,True,True,1.0,0.8666666666666667,18
3,3,True,15,10,25,192,7.68,0.7653279285021063,True,True,1.0,0.9333333333333333,12
2,2,True,8,14,22,254,11.545454545454545,0.7662474150806443,True,True,1.0,0.875,16
2,2,True,12,6,18,196,10.88888888888889,0.8418294050121806,True,True,1.0,1.0,7
2,2,True,6,8,14,150,10.714285714285714,0.6891219164461925,True,True,1.0,1.0,9
2,2,True,8,6,14,150,10.714285714285714,0.7940635692850515,True,True,1.0,1.0,7
2,2,True,6,5,11,150,13.636363636363637,0.6426502910323024,True,True,1.0,1.0,6
3,3,True,18,14,32,373,11.65625,0.8631896727134891,True,True,1.0,1.0,15
2,2,True,12,11,23,240,10.434782608695652,0.8428667818087469,True,True,1.0,1.0,12
3,3,True,18,5,23,210,9.130434782608695,0.8228290428548781,True,True,1.0,0.8888888888888888,8
2,2,True,10,5,15,150,10.0,0.7907238744572131,True,True,1.0,0.9,7
2,2,True,10,6,16,158,9.875,0.7797183312081497,True,True,1.0,1.0,7
2,2,True,10,15,25,286,11.44,0.8174577163342155,True,True,1.0,1.0,16
3,3,True,9,11,20,199,9.95,0.6507431173138717,True,True,1.0,0.8888888888888888,13
3,3,True,15,10,25,234,9.36,0.7877767992670915,True,True,1.0,1.0,11
2,2,True,10,12,22,180,8.181818181818182,0.7625600873851385,True,True,1.0,1.0,13
3,3,True,12,9,21,183,8.714285714285714,0.7335161656347904,True,True,1.0,1.0,10
2,2,True,8,5,13,150,11.538461538461538,0.7217386240370998,True,True,1.0,1.0,6
3,3,True,9,8,17,199,11.705882352941176,0.6765997006725046,True,True,1.0,0.8888888888888888,10
2,2,True,10,8,18,202,11.222222222222221,0.775396614809827,True,True,1.0,0.8,11
3,3,True,15,9,24,228,9.5,0.7941218034723171,True,True,1.0,1.0,10
2,2,True,10,8,18,175,9.722222222222221,0.7910864481761531,True,True,1.0,0.9,10
2,2,True,8,7,15,150,10.0,0.6834803031037187,True,True,1.0,0.875,9
2,2,True,6,10,16,150,9.375,0.6691882374045377,True,True,1.0,1.0,11
3,3,True,18,10,28,279,9.964285714285714,0.838588617203156,True,True,1.0,1.0,11
3,3,True,15,8,23,249,10.826086956521738,0.81446571576489,True,True,1.0,1.0,9
3,3,True,15,10,25,233,9.32,0.8248631369780686,True,True,1.0,1.0,11
2,2,True,6,12,18,170,9.444444444444445,0.7168566835050624,True,True,1.0,1.0,13
3,3,True,12,5,17,150,8.823529411764707,0.6944281395712998,True,True,1.0,1.0,6
3,3,True,9,14,23,250,10.869565217391305,0.6871489230707725,True,True,1.0,1.0,15
2,2,True,12,14,26,242,9.307692307692308,0.8346399927051639,True,True,1.0,1.0,15
3,3,True,9,5,14,150,10.714285714285714,0.6800545975795709,True,True,1.0,0.8888888888888888,7
2,2,True,8,15,23,162,7.043478260869565,0.7552244699995593,True,True,1.0,1.0,16
3,3,True,15,10,25,192,7.68,0.7653305355205843,True,True,1.0,0.8666666666666667,13
3,3,True,18,12,30,259,8.633333333333333,0.808606597270983,True,True,1.0,0.9444444444444444,14
3,3,True,15,6,21,225,10.714285714285714,0.808966414689024,True,True,1.0,0.9333333333333333,8
3,3,True,9,5,14,150,10.714285714285714,0.6717805542364195,True,True,1.0,1.0,6
3,3,True,15,10,25,276,11.04,0.7914108231742645,True,True,1.0,0.9333333333333333,12
3,3,True,15,5,20,155,7.75,0.7933946746548262,True,True,1.0,0.9333333333333333,7
3,3,True,12,12,24,248,10.333333333333334,0.7462958240726917,True,True,1.0,1.0,13
2,2,True,10,8,18,211,11.722222222222221,0.8151033067680551,True,True,1.0,1.0,9
3,3,True,9,12,21,215,10.238095238095237,0.6478922021407694,True,True,1.0,1.0,13
3,3,True,12,12,24,187,7.791666666666667,0.7328574046855356,True,True,1.0,1.0,13
2,1,False,6,6,12,150,12.5,0.7076142796096557,True,True,1.0,0.5,10
3,3,True,18,5,23,243,10.565217391304348,0.8660940139433406,True,True,1.0,1.0,6
2,2,True,12,11,23,239,10.391304347826088,0.8298557466945647,True,True,1.0,0.9166666666666666,13
3,3,True,12,7,19,150,7.894736842105263,0.701676601935743,True,True,1.0,1.0,8
3,3,True,18,13,31,347,11.193548387096774,0.8524647797217338,True,True,1.0,1.0,14
2,2,True,12,15,27,226,8.37037037037037,0.8311810636857271,True,True,1.0,1.0,16
3,3,True,12,8,20,158,7.9,0.7256054719083783,True,True,1.0,1.0,9
3,3,True,15,8,23,226,9.826086956521738,0.7699037047422966,True,True,1.0,0.9333333333333333,10
3,3,True,18,8,26,253,9.73076923076923,0.8435802422322862,True,True,1.0,1.0,9
2,2,True,6,15,21,191,9.095238095238095,0.6558413716459701,True,True,1.0,1.0,16
3,3,True,12,10,22,184,8.363636363636363,0.7384527192604504,True,True,1.0,0.9166666666666666,12
3,3,True,9,6,15,150,10.0,0.6920799448316123,True,True,1.0,1.0,7
2,2,True,6,5,11,150,13.636363636363637,0.6412408280212796,True,True,1.0,1.0,6
2,2,True,10,10,20,150,7.5,0.763179682543561,True,True,1.0,1.0,11
2,2,True,8,10,18,195,10.833333333333334,0.738009684465841,True,True,1.0,0.875,12
3,3,True,12,11,23,249,10.826086956521738,0.7363310586523008,True,True,1.0,1.0,12
3,3,True,15,15,30,275,9.166666666666666,0.8044470251884743,True,True,1.0,0.9333333333333333,17
2,2,True,8,13,21,197,9.380952380952381,0.7265463502636326,True,True,1.0,1.0,14
3,3,True,9,12,21,211,10.047619047619047,0.6635416048481326,True,True,1.0,1.0,13
3,3,True,12,11,23,220,9.565217391304348,0.7277011908897251,True,True,1.0,1.0,12
3,3,True,15,6,21,225,10.714285714285714,0.762842478999523,True,True,1.0,1.0,7
3,3,True,9,13,22,243,11.045454545454545,0.6662247714576736,True,True,1.0,0.8888888888888888,15
3,3,True,9,15,24,286,11.916666666666666,0.6676696886370425,True,True,1.0,1.0,16
2,2,True,12,8,20,201,10.05,0.823493310633855,True,True,1.0,0.9166666666666666,10
2,2,True,6,12,18,150,8.333333333333334,0.6542006033166905,True,True,1.0,1.0,13
2,2,True,6,11,17,150,8.823529411764707,0.6374856877361986,True,True,1.0,0.8333333333333334,13
2,2,True,8,10,18,190,10.555555555555555,0.7769486989355749,True,True,1.0,1.0,11
2,2,True,8,15,23,170,7.391304347826087,0.7006458583251225,True,True,1.0,0.875,17
3,3,True,18,13,31,301,9.709677419354838,0.8394444055483727,True,True,1.0,1.0,14
3,3,True,12,9,21,195,9.285714285714286,0.742209893867502,True,True,1.0,1.0,10
2,2,True,8,5,13,150,11.538461538461538,0.7303896997847434,True,True,1.0,0.75,8
3,3,True,15,12,27,296,10.962962962962964,0.7905032371889124,True,True,1.0,1.0,13
2,2,True,6,12,18,150,8.333333333333334,0.6844980144516041,True,True,1.0,1.0,13
2,2,True,8,10,18,192,10.666666666666666,0.7365066512348928,True,True,1.0,0.875,12
3,3,True,12,9,21,244,11.619047619047619,0.7172522547310259,True,True,1.0,0.9166666666666666,11
2,2,True,12,13,25,257,10.28,0.8446112713676668,True,True,1.0,1.0,14
3,3,True,9,13,22,252,11.454545454545455,0.7282040539744601,True,True,1.0,1.0,14
3,3,True,18,5,23,215,9.347826086956522,0.8153249562025889,True,True,1.0,0.9444444444444444,7
3,3,True,18,15,33,325,9.848484848484848,0.8302006773635304,True,True,1.0,1.0,16
2,1,False,6,11,17,156,9.176470588235293,0.6665418220479696,True,True,1.0,0.5,15
3,3,True,12,9,21,237,11.285714285714286,0.7355709053799778,True,True,1.0,0.9166666666666666,11
3,2,False,9,5,14,150,10.714285714285714,0.7083187435324809,True,True,1.0,0.6666666666666666,9
3,3,True,18,8,26,300,11.538461538461538,0.8758323107023817,True,True,1.0,1.0,9
3,3,True,9,7,16,150,9.375,0.6248182815482747,True,True,1.0,0.6666666666666666,11
3,3,True,15,13,28,251,8.964285714285714,0.7849685833993482,True,True,1.0,1.0,14
2,2,True,12,9,21,248,11.80952380952381,0.8173322656083978,True,True,1.0,0.9166666666666666,11
3,3,True,12,8,20,168,8.4,0.721364570130854,True,True,1.0,1.0,9
2,2,True,6,12,18,200,11.11111111111111,0.6759934659344176,True,True,1.0,1.0,13
2,2,True,6,15,21,183,8.714285714285714,0.6543773023271214,True,True,1.0,1.0,16
2,2,True,6,9,15,171,11.4,0.7218219257160573,True,True,1.0,1.0,10
2,2,True,12,7,19,150,7.894736842105263,0.8414592266820868,True,True,1.0,1.0,8
3,2,False,9,5,14,150,10.714285714285714,0.6544407298306498,True,True,1.0,0.6666666666666666,9
2,2,True,10,6,16,150,9.375,0.7708990992717675,True,True,1.0,1.0,7
3,3,True,15,15,30,276,9.2,0.7917197080928932,True,True,1.0,1.0,16
2,1,False,6,12,18,150,8.333333333333334,0.6412412293443376,True,True,1.0,0.5,16
3,3,True,18,14,32,264,8.25,0.8341034701455482,True,True,1.0,1.0,15
2,2,True,10,14,24,205,8.541666666666666,0.7546329505713696,True,True,1.0,1.0,15
3,3,True,9,10,19,191,10.052631578947368,0.7099983434084185,True,True,1.0,1.0,11
3,3,True,12,9,21,208,9.904761904761905,0.758680213743081,True,True,1.0,0.9166666666666666,11
3,3,True,18,8,26,215,8.26923076923077,0.8220204404454255,True,True,1.0,1.0,9
3,3,True,15,13,28,210,7.5,0.757729079052059,True,True,1.0,1.0,14
3,2,False,9,10,19,150,7.894736842105263,0.624772289513323,True,True,1.0,0.6666666666666666,14
2,2,True,8,14,22,160,7.2727272727272725,0.7345143694565157,True,True,1.0,0.875,16
2,2,True,8,15,23,253,11.0,0.767681478433281,True,True,1.0,1.0,16
2,2,True,12,15,27,254,9.407407407407407,0.8447983773911415,True,True,1.0,0.9166666666666666,17
2,2,True,10,13,23,248,10.782608695652174,0.8259202578566143,True,True,1.0,1.0,14
3,3,True,12,9,21,212,10.095238095238095,0.7510562937571431,True,True,1.0,1.0,10
3,3,True,15,13,28,294,10.5,0.7967437491748635,True,True,1.0,1.0,14
2,2,True,10,6,16,165,10.3125,0.7816620495371964,True,True,1.0,1.0,7
2,2,True,12,7,19,150,7.894736842105263,0.8449567978391059,True,True,1.0,1.0,8
2,2,True,10,11,21,226,10.761904761904763,0.814351485582113,True,True,1.0,1.0,12
2,2,True,8,12,20,153,7.65,0.7367654066521843,True,True,1.0,0.75,15
2,2,True,12,6,18,202,11.222222222222221,0.8671457077704889,True,True,1.0,1.0,7
3,3,True,18,11,29,329,11.344827586206897,0.8412395569931426,True,True,1.0,0.9444444444444444,13
2,2,True,10,8,18,188,10.444444444444445,0.7855138021617664,True,True,1.0,0.7,12
2,2,True,6,12,18,183,10.166666666666666,0.7077253954187851,True,True,1.0,1.0,13
2,2,True,6,12,18,171,9.5,0.7161111069372058,True,True,1.0,1.0,13
3,3,True,15,15,30,328,10.933333333333334,0.7651277565367492,True,True,1.0,0.9333333333333333,17
2,2,True,10,10,20,172,8.6,0.781978948997356,True,True,1.0,1.0,11
3,2,False,9,5,14,150,10.714285714285714,0.6656432029902198,True,True,1.0,0.6666666666666666,9
2,2,True,8,13,21,152,7.238095238095238,0.7325687457356486,True,True,1.0,0.875,15
2,2,True,10,14,24,240,10.0,0.8084625205972626,True,True,1.0,1.0,15
3,3,True,12,14,26,207,7.961538461538462,0.7165647167086648,True,True,1.0,0.9166666666666666,16
3,3,True,18,13,31,320,10.32258064516129,0.8354573023828151,True,True,1.0,1.0,14
3,3,True,9,13,22,249,11.318181818181818,0.6948997800165118,True,True,1.0,1.0,14
2,2,True,12,14,26,222,8.538461538461538,0.8213980038454206,True,True,1.0,1.0,15
2,2,True,6,9,15,150,10.0,0.6872825202515143,True,True,1.0,1.0,10
3,3,True,9,13,22,174,7.909090909090909,0.6327837952927917,True,True,1.0,1.0,14
2,2,True,10,7,17,180,10.588235294117647,0.8339993585707812,True,True,1.0,1.0,8
2,2,True,6,14,20,192,9.6,0.6442460465673259,True,True,1.0,1.0,15
3,2,False,12,7,19,150,7.894736842105263,0.716753615611449,True,True,1.0,0.5833333333333334,13
2,1,False,6,11,17,150,8.823529411764707,0.6677678677447003,True,True,1.0,0.5,15
3,3,True,15,10,25,251,10.04,0.8044406574364688,True,True,1.0,1.0,11
3,3,True,12,7,19,150,7.894736842105263,0.7737347937731183,True,True,1.0,1.0,8
2,2,True,8,14,22,187,8.5,0.7618451521157008,True,True,1.0,1.0,15
2,2,True,8,7,15,153,10.2,0.7830314205825003,True,True,1.0,1.0,8
3,3,True,15,13,28,333,11.892857142857142,0.8160548782816308,True,True,1.0,1.0,14
3,3,True,15,8,23,268,11.652173913043478,0.8084414370587116,True,True,1.0,1.0,9
2,2,True,10,15,25,234,9.36,0.7939006772433461,True,True,1.0,1.0,16
2,2,True,6,15,21,186,8.857142857142858,0.6579871070916059,True,True,1.0,0.8333333333333334,17
3,3,True,15,15,30,262,8.733333333333333,0.794927057753374,True,True,1.0,0.9333333333333333,17
2,2,True,8,13,21,150,7.142857142857143,0.7266959445706336,True,True,1.0,1.0,14
2,2,True,6,6,12,150,12.5,0.6863366723200207,True,True,1.0,1.0,7
3,3,True,15,10,25,224,8.96,0.7777887141742856,True,True,1.0,0.8666666666666667,13
3,2,False,9,14,23,203,8.826086956521738,0.6450359223032612,True,True,1.0,0.6666666666666666,18
3,3,True,15,10,25,201,8.04,0.7398610815947849,True,True,1.0,0.8,14
2,2,True,8,6,14,150,10.714285714285714,0.7627112166063824,True,True,1.0,1.0,7
2,2,True,10,5,15,150,10.0,0.7561008655856292,True,True,1.0,1.0,6
3,3,True,9,5,14,150,10.714285714285714,0.6611076994384691,True,True,1.0,1.0,6
3,3,True,12,12,24,172,7.166666666666667,0.7103798565630216,True,True,1.0,0.8333333333333334,15
2,2,True,12,10,22,220,10.0,0.8351646109804024,True,True,1.0,1.0,11
2,2,True,12,6,18,150,8.333333333333334,0.8264965313388515,True,True,1.0,1.0,7
2,2,True,12,7,19,150,7.894736842105263,0.8144219553311436,True,True,1.0,1.0,8
2,2,True,8,12,20,229,11.45,0.7469687213191614,True,True,1.0,0.875,14
3,3,True,12,7,19,167,8.789473684210526,0.7188705460155069,True,True,1.0,0.9166666666666666,9
2,2,True,6,13,19,206,10.842105263157896,0.7275604242343073,True,True,1.0,1.0,14
2,2,True,6,6,12,150,12.5,0.6856926991781684,True,True,1.0,1.0,7
2,2,True,8,9,17,150,8.823529411764707,0.7408505041065662,True,True,1.0,1.0,10
2,2,True,8,12,20,165,8.25,0.7281935676749737,True,True,1.0,1.0,13
2,2,True,8,9,17,168,9.882352941176471,0.7605350720487943,True,True,1.0,0.875,11
2,2,True,6,6,12,150,12.5,0.6641735842666657,True,True,1.0,1.0,7
2,2,True,6,7,13,150,11.538461538461538,0.6754824355394107,True,True,1.0,1.0,8
3,3,True,12,13,25,258,10.32,0.7646653017607455,True,True,1.0,0.9166666666666666,15
3,3,True,15,6,21,242,11.523809523809524,0.7990391713041913,True,True,1.0,1.0,7
2,2,True,6,7,13,150,11.538461538461538,0.722415547633417,True,True,1.0,1.0,8
3,3,True,12,10,22,179,8.136363636363637,0.7483843163799591,True,True,1.0,0.9166666666666666,12
3,3,True,15,8,23,199,8.652173913043478,0.8053358223734617,True,True,1.0,1.0,9
2,2,True,8,5,13,150,11.538461538461538,0.7406016823672257,True,True,1.0,1.0,6
3,2,False,9,5,14,152,10.857142857142858,0.6457023708442349,True,True,1.0,0.6666666666666666,9
2,2,True,10,5,15,173,11.533333333333333,0.7809189358869164,True,True,1.0,0.8,8
2,2,True,10,5,15,171,11.4,0.8115357014934195,True,True,1.0,0.9,7
2,2,True,8,9,17,176,10.352941176470589,0.7900362724500195,True,True,1.0,1.0,10
2,2,True,8,8,16,150,9.375,0.7367955580423315,True,True,1.0,1.0,9
3,3,True,18,12,30,358,11.933333333333334,0.8559897182647794,True,True,1.0,0.9444444444444444,14
2,2,True,6,14,20,161,8.05,0.6756288803182097,True,True,1.0,0.8333333333333334,16
2,2,True,6,12,18,150,8.333333333333334,0.5966799262205859,False,True,1.0,1.0,13
3,3,True,9,9,18,172,9.555555555555555,0.654567362551374,True,True,1.0,1.0,10
2,2,True,8,13,21,209,9.952380952380953,0.7334903911044001,True,True,1.0,1.0,14
3,3,True,9,10,19,156,8.210526315789474,0.6343812210768096,True,True,1.0,0.8888888888888888,12
3,3,True,18,8,26,273,10.5,0.8304154294953939,True,True,1.0,1.0,9
3,3,True,12,6,18,191,10.61111111111111,0.719156866356573,True,True,1.0,1.0,7
2,2,True,12,13,25,270,10.8,0.8531497407161052,True,True,1.0,1.0,14
2,2,True,10,9,19,203,10.68421052631579,0.8466367729337845,True,True,1.0,1.0,10
2,1,False,6,11,17,150,8.823529411764707,0.6202669909129092,True,True,1.0,0.5,15
3,3,True,15,14,29,338,11.655172413793103,0.808821117593915,True,True,1.0,1.0,15
2,2,True,10,15,25,219,8.76,0.7600205219819355,True,True,1.0,1.0,16
3,3,True,9,10,19,215,11.31578947368421,0.6596194183736861,True,True,1.0,1.0,11
3,3,True,12,8,20,150,7.5,0.7306563312046206,True,True,1.0,0.9166666666666666,10
3,3,True,12,9,21,227,10.80952380952381,0.738545110856778,True,True,1.0,1.0,10
3,3,True,9,9,18,171,9.5,0.6647867468433089,True,True,1.0,0.8888888888888888,11
3,3,True,15,11,26,212,8.153846153846153,0.7934857878259097,True,True,1.0,1.0,12
2,1,False,6,15,21,154,7.333333333333333,0.6221919097117065,True,True,1.0,0.5,19
2,2,True,6,10,16,150,9.375,0.6474951978218456,True,True,1.0,1.0,11
2,1,False,6,8,14,150,10.714285714285714,0.6315793283847606,True,True,1.0,0.5,12
3,3,True,15,9,24,235,9.791666666666666,0.80081689243449,True,True,1.0,1.0,10
3,3,True,15,11,26,253,9.73076923076923,0.7938882835976245,True,True,1.0,1.0,12
2,2,True,8,10,18,157,8.722222222222221,0.7380265593004889,True,True,1.0,0.875,12
2,2,True,12,8,20,157,7.85,0.7889236526776289,True,True,1.0,1.0,9
2,2,True,12,7,19,187,9.842105263157896,0.7825918069890507,True,True,1.0,0.8333333333333334,10
3,3,True,12,7,19,150,7.894736842105263,0.7207427657689219,True,True,1.0,1.0,8
2,2,True,12,8,20,234,11.7,0.8310444939632957,True,True,1.0,1.0,9
3,3,True,12,9,21,192,9.142857142857142,0.7351658776111327,True,True,1.0,1.0,10
3,3,True,15,12,27,190,7.037037037037037,0.755706983683316,True,True,1.0,1.0,13
2,2,True,10,13,23,257,11.173913043478262,0.7987049222024278,True,True,1.0,1.0,14
2,2,True,8,8,16,150,9.375,0.6834790949016654,True,True,1.0,1.0,9
2,2,True,8,11,19,167,8.789473684210526,0.672174985663472,True,True,1.0,0.875,13
3,3,True,15,10,25,245,9.8,0.7985066430928787,True,True,1.0,1.0,11
3,3,True,9,6,15,161,10.733333333333333,0.653546753661246,True,True,1.0,0.8888888888888888,8
3,3,True,15,6,21,240,11.428571428571429,0.821480454781818,True,True,1.0,0.8,10
3,3,True,9,7,16,157,9.8125,0.6609722501487298,True,True,1.0,1.0,8
2,2,True,12,15,27,247,9.148148148148149,0.8543714766408866,True,True,1.0,1.0,16
2,2,True,8,8,16,184,11.5,0.7550491757942069,True,True,1.0,0.875,10
2,2,True,12,14,26,301,11.576923076923077,0.8373979570216599,True,True,1.0,0.9166666666666666,16
2,2,True,12,8,20,171,8.55,0.8254862445558829,True,True,1.0,0.8333333333333334,11
2,2,True,8,10,18,158,8.777777777777779,0.7018074151237255,True,True,1.0,1.0,11
3,3,True,15,15,30,277,9.233333333333333,0.7799761219242248,True,True,1.0,1.0,16
3,2,False,12,5,17,151,8.882352941176471,0.7673342114549655,True,True,1.0,0.6666666666666666,10
3,3,True,15,11,26,299,11.5,0.8029129546085128,True,True,1.0,0.9333333333333333,13
2,2,True,12,6,18,150,8.333333333333334,0.8261642431959592,True,True,1.0,0.9166666666666666,8
2,2,True,6,9,15,150,10.0,0.6656157128980894,True,True,1.0,1.0,10
2,2,True,10,11,21,252,12.0,0.8326993428332436,True,True,1.0,1.0,12
2,2,True,12,14,26,306,11.76923076923077,0.849829068826366,True,True,1.0,1.0,15
3,3,True,12,15,27,262,9.703703703703704,0.7871275833177126,True,True,1.0,1.0,16
3,3,True,18,11,29,296,10.206896551724139,0.8659823225479759,True,True,1.0,0.9444444444444444,13
3,3,True,9,13,22,171,7.7727272727272725,0.5806679969718174,False,True,1.0,0.8888888888888888,15
3,3,True,15,8,23,235,10.217391304347826,0.8122042078232204,True,True,1.0,1.0,9
3,3,True,9,6,15,158,10.533333333333333,0.7104931508917693,True,True,1.0,1.0,7
2,2,True,10,7,17,150,8.823529411764707,0.7942348064728624,True,True,1.0,1.0,8
3,3,True,15,11,26,281,10.807692307692308,0.8034899451824962,True,True,1.0,0.9333333333333333,13
3,2,False,9,15,24,198,8.25,0.6494229447933915,True,True,1.0,0.5555555555555556,20
3,3,True,12,14,26,238,9.153846153846153,0.6999171968749776,True,True,1.0,1.0,15
3,3,True,18,8,26,272,10.461538461538462,0.8368613426534379,True,True,1.0,1.0,9
3,3,True,15,6,21,218,10.380952380952381,0.8167612792735269,True,True,1.0,1.0,7
2,2,True,12,7,19,192,10.105263157894736,0.8350848230704214,True,True,1.0,1.0,8
3,3,True,15,11,26,292,11.23076923076923,0.8090379692997106,True,True,1.0,0.9333333333333333,13
2,2,True,6,14,20,178,8.9,0.618988019064769,True,True,1.0,1.0,15
2,2,True,12,6,18,150,8.333333333333334,0.7876906037217941,True,True,1.0,1.0,7
2,2,True,10,13,23,207,9.0,0.8169907112237751,True,True,1.0,1.0,14
3,3,True,18,5,23,169,7.3478260869565215,0.798616419116283,True,True,1.0,0.9444444444444444,7
3,3,True,12,13,25,208,8.32,0.7068653101602064,True,True,1.0,1.0,14
3,3,True,18,7,25,243,9.72,0.8515763492328109,True,True,1.0,1.0,8
2,2,True,12,5,17,186,10.941176470588236,0.8423654297512944,True,True,1.0,1.0,6
3,3,True,18,13,31,311,10.03225806451613,0.8344516754998516,True,True,1.0,1.0,14
3,3,True,15,9,24,222,9.25,0.7649863635049586,True,True,1.0,0.9333333333333333,11
2,2,True,12,9,21,170,8.095238095238095,0.8086369450373031,True,True,1.0,0.9166666666666666,11
2,2,True,6,9,15,150,10.0,0.6444946892107368,True,True,1.0,0.6666666666666666,12
3,3,True,9,14,23,229,9.956521739130435,0.6645001284151774,True,True,1.0,1.0,15
2,2,True,10,10,20,200,10.0,0.796933131013669,True,True,1.0,1.0,11
3,3,True,18,14,32,368,11.5,0.8435173952618592,True,True,1.0,1.0,15
3,3,True,9,15,24,225,9.375,0.676816169275658,True,True,1.0,1.0,16
3,3,True,15,8,23,190,8.26086956521739,0.7940376195181748,True,True,1.0,1.0,9
3,3,True,12,8,20,151,7.55,0.6970593932197052,True,True,1.0,1.0,9
2,2,True,6,12,18,150,8.333333333333334,0.672743060471976,True,True,1.0,1.0,13
2,2,True,10,14,24,204,8.5,0.7480890727463071,True,True,1.0,0.9,16
3,3,True,15,5,20,150,7.5,0.7850811284107477,True,True,1.0,1.0,6
3,3,True,18,14,32,330,10.3125,0.8416740372675835,True,True,1.0,1.0,15
3,3,True,15,15,30,303,10.1,0.8097015916329994,True,True,1.0,1.0,16
2,2,True,8,10,18,170,9.444444444444445,0.7409508502300409,True,True,1.0,1.0,11
3,3,True,9,13,22,208,9.454545454545455,0.6582570647615871,True,True,1.0,1.0,14
2,2,True,8,5,13,150,11.538461538461538,0.7987118607750018,True,True,0.8888888888888888,1.0,5
3,3,True,15,9,24,214,8.916666666666666,0.8027153212815591,True,True,1.0,1.0,10
3,3,True,9,8,17,150,8.823529411764707,0.6145004035505931,True,True,1.0,0.8888888888888888,10
2,2,True,10,14,24,216,9.0,0.7692573120636484,True,True,1.0,1.0,15
3,3,True,18,6,24,243,10.125,0.8538677282565731,True,True,1.0,1.0,7
3,3,True,15,14,29,339,11.689655172413794,0.8321249049571058,True,True,1.0,1.0,15
2,2,True,6,7,13,150,11.538461538461538,0.7452004082380187,True,True,1.0,1.0,8
2,2,True,6,7,13,150,11.538461538461538,0.678859098245242,True,True,1.0,0.8333333333333334,9
3,3,True,12,11,23,235,10.217391304347826,0.7223123839148875,True,True,1.0,1.0,12
3,3,True,9,15,24,214,8.916666666666666,0.6172340861910587,True,True,1.0,1.0,16
2,2,True,6,14,20,186,9.3,0.695862491924326,True,True,0.8571428571428571,1.0,14
3,3,True,18,14,32,296,9.25,0.8407669159448924,True,True,1.0,1.0,15
2,2,True,10,11,21,247,11.761904761904763,0.8134641356439558,True,True,1.0,1.0,12
2,2,True,10,7,17,197,11.588235294117647,0.8194688706891392,True,True,1.0,1.0,8
2,2,True,8,14,22,186,8.454545454545455,0.7271038710121123,True,True,1.0,0.875,16
3,3,True,15,14,29,229,7.896551724137931,0.771471812947671,True,True,1.0,0.8666666666666667,17
3,3,True,12,13,25,267,10.68,0.7629287379180671,True,True,1.0,0.9166666666666666,15
2,2,True,12,13,25,240,9.6,0.8018827187992569,True,True,1.0,0.75,17
3,3,True,18,10,28,258,9.214285714285714,0.8220920788674773,True,True,1.0,1.0,11
2,2,True,6,8,14,150,10.714285714285714,0.6151007127466598,True,True,1.0,0.8333333333333334,10
2,2,True,6,9,15,156,10.4,0.6542779179274675,True,True,1.0,1.0,10
3,2,False,9,10,19,153,8.052631578947368,0.6314676765594538,True,True,1.0,0.6666666666666666,14
2,2,True,12,12,24,279,11.625,0.8510788949497704,True,True,1.0,1.0,13
3,3,True,15,6,21,247,11.761904761904763,0.8123900127401517,True,True,1.0,1.0,7
3,3,True,12,13,25,294,11.76,0.7521616477767985,True,True,1.0,0.9166666666666666,15
3,3,True,12,12,24,283,11.791666666666666,0.7287003872940321,True,True,1.0,0.8333333333333334,15
2,1,False,6,15,21,168,8.0,0.6315503700294438,True,True,1.0,0.5,19
3,3,True,12,10,22,255,11.590909090909092,0.7238689144111875,True,True,1.0,0.9166666666666666,12
3,3,True,12,9,21,200,9.523809523809524,0.7279549061873639,True,True,1.0,1.0,10
2,2,True,12,9,21,164,7.809523809523809,0.7714764404089619,True,True,1.0,1.0,10
3,3,True,9,8,17,173,10.176470588235293,0.6728687492592175,True,True,1.0,0.8888888888888888,10
3,3,True,15,7,22,206,9.363636363636363,0.7956357860571752,True,True,1.0,1.0,8
2,2,True,6,8,14,150,10.714285714285714,0.6691829700747058,True,True,1.0,1.0,9
3,3,True,12,5,17,153,9.0,0.7200880008743918,True,True,1.0,0.9166666666666666,7
2,1,False,6,5,11,150,13.636363636363637,0.6644745643604717,True,True,1.0,0.5,9
3,2,False,9,5,14,150,10.714285714285714,0.6067679113262636,True,True,1.0,0.6666666666666666,9
3,3,True,18,10,28,322,11.5,0.8252586646721434,True,True,1.0,0.8888888888888888,13
3,3,True,18,8,26,269,10.346153846153847,0.8188753494863955,True,True,1.0,0.8888888888888888,11
2,2,True,8,12,20,153,7.65,0.7298370566136477,True,True,1.0,0.875,14
3,3,True,12,13,25,294,11.76,0.7659119161096886,True,True,1.0,1.0,14
2,2,True,10,14,24,281,11.708333333333334,0.8140703860570656,True,True,1.0,1.0,15
2,2,True,12,11,23,272,11.826086956521738,0.8161537207020836,True,True,1.0,0.9166666666666666,13
3,3,True,18,8,26,210,8.076923076923077,0.8459423698219662,True,True,1.0,1.0,9
3,3,True,12,13,25,180,7.2,0.735661697993792,True,True,1.0,1.0,14
2,2,True,10,13,23,260,11.304347826086957,0.8027203430356893,True,True,1.0,1.0,14
3,3,True,18,6,24,265,11.041666666666666,0.8713948634027057,True,True,1.0,1.0,7
2,2,True,10,13,23,218,9.478260869565217,0.801262966312095,True,True,1.0,1.0,14
2,2,True,12,11,23,244,10.608695652173912,0.814731205517486,True,True,1.0,1.0,12
3,3,True,15,11,26,303,11.653846153846153,0.8174187680915177,True,True,1.0,1.0,12
3,3,True,15,12,27,206,7.62962962962963,0.7882261334169305,True,True,1.0,0.9333333333333333,14
3,1,False,9,8,17,188,11.058823529411764,0.6432732884795674,True,True,1.0,0.3333333333333333,15
3,3,True,18,8,26,280,10.76923076923077,0.852627902523714,True,True,1.0,1.0,9
2,2,True,12,15,27,221,8.185185185185185,0.8494663958854897,True,True,1.0,1.0,16
3,3,True,18,7,25,252,10.08,0.8295263666535825,True,True,1.0,1.0,8
2,2,True,12,9,21,174,8.285714285714286,0.838713992250876,True,True,1.0,0.9166666666666666,11
3,3,True,9,13,22,194,8.818181818181818,0.6486944398857881,True,True,1.0,1.0,14
3,3,True,9,12,21,179,8.523809523809524,0.6873161422445107,True,True,1.0,1.0,13
3,3,True,9,6,15,150,10.0,0.6680874813679839,True,True,1.0,1.0,7
3,3,True,9,12,21,213,10.142857142857142,0.699299492062841,True,True,1.0,1.0,13
3,2,False,9,5,14,150,10.714285714285714,0.6853692146733948,True,True,1.0,0.5555555555555556,10
3,3,True,12,10,22,178,8.090909090909092,0.7123641792111006,True,True,1.0,1.0,11
2,2,True,6,12,18,157,8.722222222222221,0.7046254230022847,True,True,1.0,1.0,13
3,3,True,9,8,17,162,9.529411764705882,0.6581318834352493,True,True,1.0,1.0,9
3,3,True,9,12,21,235,11.19047619047619,0.7096494340654949,True,True,1.0,1.0,13
3,3,True,15,6,21,238,11.333333333333334,0.8071422544056205,True,True,1.0,1.0,7
2,2,True,10,8,18,150,8.333333333333334,0.8120077970393901,True,True,1.0,1.0,9
2,2,True,10,15,25,289,11.56,0.8066793893631671,True,True,1.0,1.0,16
3,3,True,15,15,30,331,11.033333333333333,0.820138489837406,True,True,1.0,1.0,16
3,3,True,9,7,16,187,11.6875,0.6960453943119872,True,True,1.0,1.0,8
2,1,False,6,6,12,150,12.5,0.5830003450156992,False,True,1.0,0.5,10
2,2,True,10,10,20,158,7.9,0.7738454546685506,True,True,1.0,1.0,11
3,3,True,9,15,24,266,11.083333333333334,0.6618636219643684,True,True,1.0,1.0,16
2,2,True,12,5,17,166,9.764705882352942,0.8534315967647333,True,True,1.0,1.0,6
3,3,True,18,5,23,176,7.6521739130434785,0.8087478774039139,True,True,1.0,0.8888888888888888,8
3,3,True,12,7,19,210,11.052631578947368,0.7431746891513347,True,True,1.0,1.0,8
2,2,True,10,10,20,173,8.65,0.8131986905476576,True,True,1.0,1.0,11
3,3,True,18,8,26,220,8.461538461538462,0.8364919035036995,True,True,1.0,1.0,9
3,3,True,18,14,32,331,10.34375,0.8214921363791228,True,True,1.0,1.0,15
3,3,True,18,15,33,384,11.636363636363637,0.8568423985285517,True,True,1.0,1.0,16
3,3,True,9,6,15,150,10.0,0.6282734056713604,True,True,1.0,1.0,7
3,3,True,12,11,23,162,7.043478260869565,0.7233047654550013,True,True,1.0,1.0,12
2,2,True,8,7,15,150,10.0,0.7725606743180247,True,True,1.0,0.875,9
2,2,True,12,15,27,193,7.148148148148148,0.7574571853326714,True,True,1.0,0.9166666666666666,17
2,2,True,12,15,27,264,9.777777777777779,0.8188377515743402,True,True,1.0,1.0,16
3,3,True,15,13,28,242,8.642857142857142,0.8105227617634954,True,True,1.0,1.0,14
3,3,True,9,13,22,246,11.181818181818182,0.6320543971269639,True,True,1.0,0.8888888888888888,15
3,3,True,9,8,17,155,9.117647058823529,0.6566467553124361,True,True,1.0,1.0,9
3,3,True,12,15,27,251,9.296296296296296,0.705638581960798,True,True,1.0,0.9166666666666666,17
2,2,True,10,13,23,171,7.434782608695652,0.7362789640029288,True,True,1.0,0.8,16
3,3,True,12,5,17,165,9.705882352941176,0.7894237348135024,True,True,1.0,0.9166666666666666,7
3,3,True,18,15,33,324,9.818181818181818,0.8456942765836943,True,True,1.0,1.0,16
2,2,True,6,14,20,154,7.7,0.6638087034606148,True,True,1.0,1.0,15
3,3,True,9,15,24,208,8.666666666666666,0.6311693064752131,True,True,1.0,1.0,16
3,3,True,12,10,22,216,9.818181818181818,0.7393691834076181,True,True,1.0,1.0,11
3,3,True,9,6,15,160,10.666666666666666,0.6803374486323281,True,True,1.0,1.0,7
3,3,True,12,14,26,287,11.038461538461538,0.7706285713968407,True,True,1.0,1.0,15
2,2,True,8,10,18,168,9.333333333333334,0.750041513235416,True,True,1.0,0.875,12
3,3,True,12,9,21,239,11.380952380952381,0.750681018502694,True,True,1.0,0.9166666666666666,11
3,3,True,18,7,25,256,10.24,0.829397718233493,True,True,1.0,1.0,8
3,3,True,15,12,27,312,11.555555555555555,0.7986998201967305,True,True,1.0,1.0,13
3,3,True,9,6,15,150,10.0,0.6551698692712973,True,True,1.0,1.0,7
3,3,True,9,14,23,240,10.434782608695652,0.647429859706259,True,True,1.0,1.0,15
3,2,False,9,13,22,167,7.590909090909091,0.578517561860603,False,True,1.0,0.6666666666666666,17
2,1,False,6,14,20,240,12.0,0.6922781076809313,True,True,1.0,0.5,18
3,3,True,15,8,23,165,7.173913043478261,0.7977423530640424,True,True,1.0,1.0,9
3,3,True,15,6,21,206,9.80952380952381,0.7897719262326385,True,True,1.0,0.7333333333333333,11
3,3,True,18,15,33,261,7.909090909090909,0.8166657717969106,True,True,1.0,1.0,16
3,3,True,15,15,30,313,10.433333333333334,0.7950691754612951,True,True,1.0,1.0,16
2,2,True,8,10,18,186,10.333333333333334,0.7490599356794615,True,True,1.0,0.875,12
3,3,True,18,5,23,171,7.434782608695652,0.8258447363353867,True,True,1.0,1.0,6
2,2,True,8,14,22,262,11.909090909090908,0.805255341607615,True,True,1.0,1.0,15
2,2,True,10,10,20,202,10.1,0.7811256696050376,True,True,1.0,0.9,12
3,3,True,12,14,26,192,7.384615384615385,0.754809101603281,True,True,1.0,0.8333333333333334,17
3,3,True,9,12,21,198,9.428571428571429,0.6727971511558203,True,True,1.0,1.0,13
2,2,True,6,10,16,150,9.375,0.6837014182602899,True,True,1.0,1.0,11
3,3,True,9,12,21,195,9.285714285714286,0.6465987078092844,True,True,1.0,1.0,13
2,2,True,12,12,24,190,7.916666666666667,0.8148460392398233,True,True,1.0,1.0,13
3,3,True,15,5,20,150,7.5,0.7582825984024056,True,True,1.0,0.8666666666666667,8
2,2,True,10,14,24,251,10.458333333333334,0.8090140283863594,True,True,1.0,1.0,15
2,2,True,12,10,22,263,11.954545454545455,0.8627027752792183,True,True,1.0,0.9166666666666666,12
3,3,True,9,6,15,163,10.866666666666667,0.6704353093620377,True,True,1.0,0.8888888888888888,8
2,2,True,8,13,21,230,10.952380952380953,0.7926889336121339,True,True,1.0,1.0,14
3,3,True,18,5,23,245,10.652173913043478,0.8313532922248517,True,True,1.0,1.0,6
2,2,True,6,10,16,150,9.375,0.6986142895350207,True,True,1.0,1.0,11
2,2,True,10,13,23,208,9.043478260869565,0.81193563067905,True,True,1.0,1.0,14
2,2,True,10,6,16,150,9.375,0.8362945996414568,True,True,1.0,1.0,7
2,1,False,6,11,17,190,11.176470588235293,0.6030193014782573,True,True,1.0,0.5,15
3,3,True,18,12,30,237,7.9,0.8127873680157871,True,True,1.0,0.9444444444444444,14
2,2,True,6,7,13,150,11.538461538461538,0.6823078309293,True,True,1.0,1.0,8
2,2,True,12,11,23,207,9.0,0.8330115299940827,True,True,1.0,1.0,12
3,3,True,15,14,29,317,10.931034482758621,0.7796720559268872,True,True,1.0,1.0,15
2,2,True,12,5,17,150,8.823529411764707,0.8324859461239869,True,True,1.0,1.0,6
2,2,True,12,8,20,210,10.5,0.8463695813007113,True,True,1.0,1.0,9
3,3,True,18,10,28,258,9.214285714285714,0.8422555215799387,True,True,1.0,1.0,11
2,1,False,6,5,11,150,13.636363636363637,0.6392518333209188,True,True,1.0,0.5,9
2,2,True,10,7,17,187,11.0,0.8083539837528884,True,True,1.0,0.9,9
3,3,True,15,15,30,281,9.366666666666667,0.8047001809085432,True,True,1.0,1.0,16
3,3,True,15,6,21,159,7.571428571428571,0.751575987886452,True,True,1.0,0.8666666666666667,9
3,3,True,15,7,22,241,10.954545454545455,0.787295494978386,True,True,1.0,1.0,8
3,3,True,15,11,26,299,11.5,0.8030319744507037,True,True,1.0,1.0,12
2,2,True,6,12,18,196,10.88888888888889,0.6186523946947997,True,True,1.0,1.0,13
2,2,True,12,11,23,249,10.826086956521738,0.846244198334797,True,True,1.0,1.0,12
2,2,True,10,11,21,238,11.333333333333334,0.8064991466423481,True,True,1.0,0.8,14
3,3,True,9,12,21,169,8.047619047619047,0.6087573473019856,True,True,1.0,0.8888888888888888,14
3,3,True,12,15,27,212,7.851851851851852,0.733248967028588,True,True,1.0,1.0,16
2,2,True,10,15,25,220,8.8,0.7897258597733211,True,True,1.0,1.0,16
2,1,False,6,14,20,232,11.6,0.6786534707696215,True,True,1.0,0.5,18
3,3,True,18,6,24,175,7.291666666666667,0.8503030347987501,True,True,1.0,1.0,7
3,3,True,15,8,23,161,7.0,0.780601026556282,True,True,1.0,1.0,9
2,2,True,12,10,22,251,11.409090909090908,0.825731035946357,True,True,1.0,0.9166666666666666,12
3,3,True,12,13,25,244,9.76,0.7242178723599975,True,True,1.0,1.0,14
3,3,True,15,11,26,185,7.115384615384615,0.7553045580183311,True,True,1.0,1.0,12
2,2,True,6,7,13,150,11.538461538461538,0.6526786169784824,True,True,1.0,0.8333333333333334,9
3,3,True,18,15,33,305,9.242424242424242,0.8158386923713824,True,True,1.0,1.0,16
2,2,True,10,14,24,205,8.541666666666666,0.7695680123961601,True,True,1.0,1.0,15
3,3,True,18,10,28,291,10.392857142857142,0.8598197695729619,True,True,1.0,1.0,11
2,2,True,12,14,26,275,10.576923076923077,0.8268289181443528,True,True,1.0,1.0,15
3,3,True,18,12,30,299,9.966666666666667,0.8390989360580501,True,True,1.0,1.0,13
2,2,True,12,13,25,210,8.4,0.8246180824990977,True,True,1.0,1.0,14
2,2,True,6,8,14,158,11.285714285714286,0.6989512223908063,True,True,1.0,0.8333333333333334,10
3,3,True,9,5,14,150,10.714285714285714,0.6648137815557031,True,True,1.0,0.8888888888888888,7
3,3,True,9,15,24,246,10.25,0.6655133942171246,True,True,1.0,1.0,16
3,3,True,12,9,21,171,8.142857142857142,0.7484516581665225,True,True,1.0,1.0,10
2,2,True,10,6,16,150,9.375,0.7971377423088261,True,True,1.0,1.0,7
3,3,True,18,7,25,235,9.4,0.8266928606542311,True,True,1.0,0.9444444444444444,9
2,2,True,6,7,13,150,11.538461538461538,0.6545409344200476,True,True,1.0,1.0,8
3,3,True,18,14,32,368,11.5,0.8414709430502612,True,True,1.0,1.0,15
3,3,True,15,15,30,276,9.2,0.7795965154632011,True,True,1.0,0.9333333333333333,17
3,3,True,9,11,20,233,11.65,0.6719404022145473,True,True,1.0,1.0,12
3,3,True,18,6,24,228,9.5,0.8387333389057854,True,True,1.0,1.0,7
3,3,True,18,13,31,356,11.483870967741936,0.8360398996887797,True,True,1.0,1.0,14
3,3,True,15,11,26,230,8.846153846153847,0.7970725476855447,True,True,1.0,1.0,12
2,2,True,6,11,17,194,11.411764705882353,0.6780725425503633,True,True,1.0,1.0,12
2,2,True,12,7,19,193,10.157894736842104,0.828054772958739,True,True,1.0,1.0,8
3,3,True,15,9,24,223,9.291666666666666,0.80064106637195,True,True,1.0,1.0,10
3,3,True,9,5,14,150,10.714285714285714,0.6825154949425616,True,True,1.0,1.0,6
2,2,True,12,10,22,249,11.318181818181818,0.8477268936523953,True,True,1.0,1.0,11
3,2,False,9,8,17,194,11.411764705882353,0.6748656437084513,True,True,1.0,0.6666666666666666,12
2,2,True,12,11,23,208,9.043478260869565,0.8207091316134663,True,True,1.0,1.0,12
3,3,True,15,13,28,248,8.857142857142858,0.7848697317332634,True,True,1.0,1.0,14
2,2,True,8,11,19,164,8.631578947368421,0.7293195056031271,True,True,1.0,1.0,12
3,3,True,12,13,25,226,9.04,0.742691405074449,True,True,1.0,1.0,14
3,3,True,12,13,25,277,11.08,0.7223011534214182,True,True,1.0,0.9166666666666666,15
3,3,True,15,8,23,269,11.695652173913043,0.788471555817191,True,True,1.0,0.8,12
2,2,True,10,7,17,150,8.823529411764707,0.8113275962072789,True,True,1.0,1.0,8
2,2,True,12,11,23,190,8.26086956521739,0.825469656489618,True,True,1.0,1.0,12
3,3,True,12,15,27,306,11.333333333333334,0.7370604378089891,True,True,1.0,1.0,16
3,3,True,15,12,27,308,11.407407407407407,0.8160777321928495,True,True,1.0,1.0,13
3,3,True,9,15,24,260,10.833333333333334,0.690027175501296,True,True,1.0,1.0,16
3,3,True,9,8,17,150,8.823529411764707,0.6629483636072554,True,True,1.0,1.0,9
2,2,True,6,10,16,150,9.375,0.6524221477140132,True,True,1.0,1.0,11
2,2,True,10,10,20,239,11.95,0.8352419666443173,True,True,1.0,1.0,11
2,2,True,8,14,22,173,7.863636363636363,0.7429074255823136,True,True,0.8888888888888888,1.0,14
3,3,True,15,12,27,310,11.481481481481481,0.7847858135129222,True,True,1.0,0.9333333333333333,14
2,2,True,6,9,15,173,11.533333333333333,0.678076503926381,True,True,1.0,0.8333333333333334,11
2,2,True,10,6,16,150,9.375,0.8201838711066207,True,True,1.0,1.0,7
2,2,True,12,9,21,217,10.333333333333334,0.876165442330073,True,True,1.0,1.0,10
2,2,True,10,10,20,202,10.1,0.7798197386766782,True,True,1.0,1.0,11
2,2,True,10,11,21,167,7.9523809523809526,0.7641421491153144,True,True,1.0,1.0,12
3,3,True,15,6,21,175,8.333333333333334,0.7961996117290548,True,True,1.0,1.0,7
2,2,True,8,9,17,161,9.470588235294118,0.773203754525754,True,True,1.0,1.0,10
3,3,True,18,6,24,234,9.75,0.8109461743024337,True,True,1.0,0.8888888888888888,9
2,2,True,6,15,21,180,8.571428571428571,0.6577639362590342,True,True,1.0,1.0,16
2,2,True,12,5,17,177,10.411764705882353,0.8530577968933031,True,True,1.0,1.0,6
2,2,True,10,11,21,238,11.333333333333334,0.8215742155531683,True,True,1.0,1.0,12
3,3,True,9,10,19,204,10.736842105263158,0.6832904838759409,True,True,1.0,1.0,11
2,2,True,8,14,22,229,10.409090909090908,0.7635602674435991,True,True,1.0,1.0,15
2,2,True,12,6,18,150,8.333333333333334,0.8119739490731688,True,True,1.0,0.8333333333333334,9
3,3,True,15,9,24,261,10.875,0.8064600499757913,True,True,1.0,1.0,10
2,2,True,10,11,21,160,7.619047619047619,0.768443105696756,True,True,1.0,0.9,13
2,2,True,6,15,21,228,10.857142857142858,0.6774948124611675,True,True,1.0,1.0,16
2,2,True,6,14,20,151,7.55,0.6746679619635122,True,True,1.0,1.0,15
2,2,True,8,12,20,164,8.2,0.7525651777808834,True,True,1.0,1.0,13
2,1,False,6,12,18,150,8.333333333333334,0.65517581333853,True,True,1.0,0.5,16
3,3,True,15,5,20,202,10.1,0.7800414307312605,True,True,1.0,0.9333333333333333,7
3,3,True,12,11,23,247,10.73913043478261,0.7328934847347913,True,True,1.0,1.0,12
3,3,True,9,13,22,204,9.272727272727273,0.6862919917660179,True,True,1.0,1.0,14
2,2,True,10,5,15,150,10.0,0.8542308250349474,True,True,1.0,1.0,6
2,2,True,10,7,17,157,9.235294117647058,0.7523943541906725,True,True,1.0,0.8,10
2,2,True,12,6,18,150,8.333333333333334,0.8275027399731522,True,True,1.0,0.9166666666666666,8
3,3,True,12,8,20,158,7.9,0.7145193276294904,True,True,1.0,1.0,9
3,3,True,15,10,25,281,11.24,0.7792916428853041,True,True,1.0,1.0,11
2,2,True,6,6,12,150,12.5,0.6937083705584858,True,True,1.0,1.0,7
2,2,True,12,14,26,238,9.153846153846153,0.8365534832567944,True,True,1.0,0.9166666666666666,16
3,3,True,18,15,33,307,9.303030303030303,0.8335543622977253,True,True,1.0,0.9444444444444444,17
2,2,True,8,13,21,220,10.476190476190476,0.7772785201644414,True,True,1.0,1.0,14
3,3,True,9,10,19,150,7.894736842105263,0.6626223076497526,True,True,1.0,1.0,11
2,2,True,8,10,18,166,9.222222222222221,0.7738944771489752,True,True,1.0,1.0,11
3,3,True,12,5,17,150,8.823529411764707,0.698587513503383,True,True,1.0,0.9166666666666666,7
3,3,True,15,6,21,188,8.952380952380953,0.7974658073484824,True,True,1.0,0.9333333333333333,8
3,3,True,12,8,20,230,11.5,0.7455645811508489,True,True,1.0,0.9166666666666666,10
3,3,True,12,8,20,156,7.8,0.7472279440338325,True,True,1.0,1.0,9
2,2,True,8,9,17,150,8.823529411764707,0.7226338311531137,True,True,1.0,1.0,10
2,1,False,6,10,16,150,9.375,0.663052808418375,True,True,1.0,0.5,14
2,2,True,10,13,23,246,10.695652173913043,0.8266249557898168,True,True,1.0,1.0,14
2,2,True,12,9,21,211,10.047619047619047,0.8453897047391509,True,True,1.0,1.0,10
2,2,True,12,13,25,213,8.52,0.8066212988548875,True,True,1.0,1.0,14
2,2,True,12,12,24,227,9.458333333333334,0.8508838153315793,True,True,1.0,1.0,13
3,3,True,9,7,16,191,11.9375,0.6734984281450577,True,True,1.0,1.0,8
2,2,True,6,14,20,176,8.8,0.6909756460419415,True,True,1.0,1.0,15
2,2,True,8,12,20,224,11.2,0.7752274934721678,True,True,1.0,1.0,13
3,3,True,9,6,15,150,10.0,0.6503435929682362,True,True,1.0,1.0,7
3,3,True,15,8,23,243,10.565217391304348,0.8079934998273558,True,True,1.0,1.0,9
2,2,True,10,13,23,207,9.0,0.7903216090875826,True,True,1.0,1.0,14
2,2,True,6,7,13,150,11.538461538461538,0.6538696816714831,True,True,1.0,1.0,8
3,3,True,18,9,27,279,10.333333333333334,0.8545680885022322,True,True,1.0,1.0,10
3,3,True,12,10,22,238,10.818181818181818,0.7087588455901759,True,True,1.0,1.0,11
2,2,True,8,14,22,239,10.863636363636363,0.7536539088851113,True,True,1.0,1.0,15
2,1,False,6,8,14,150,10.714285714285714,0.6001411219215718,True,True,1.0,0.5,12
3,3,True,12,14,26,263,10.115384615384615,0.758655290573285,True,True,1.0,1.0,15
3,3,True,12,15,27,234,8.666666666666666,0.7220237025351934,True,True,1.0,0.9166666666666666,17
3,3,True,9,13,22,177,8.045454545454545,0.6387011141080171,True,True,1.0,1.0,14
2,2,True,12,11,23,251,10.91304347826087,0.8407272633727064,True,True,1.0,1.0,12
2,2,True,12,10,22,159,7.2272727272727275,0.7984537163688112,True,True,1.0,0.9166666666666666,12
2,2,True,6,8,14,150,10.714285714285714,0.6433144216505308,True,True,1.0,1.0,9
3,3,True,9,14,23,174,7.565217391304348,0.6538965499941252,True,True,1.0,0.8888888888888888,16
3,3,True,15,15,30,235,7.833333333333333,0.7520433212677412,True,True,1.0,1.0,16
2,2,True,6,9,15,150,10.0,0.7144450741649516,True,True,1.0,1.0,10
2,2,True,8,15,23,243,10.565217391304348,0.7446472847256888,True,True,1.0,1.0,16
3,3,True,18,7,25,182,7.28,0.8100815051639908,True,True,1.0,0.8888888888888888,10
3,3,True,12,9,21,203,9.666666666666666,0.7390469644921933,True,True,1.0,1.0,10
2,2,True,12,7,19,219,11.526315789473685,0.8366474006930311,True,True,1.0,1.0,8
3,3,True,18,5,23,268,11.652173913043478,0.8421519608636712,True,True,1.0,1.0,6
3,2,False,9,9,18,150,8.333333333333334,0.6360116449035434,True,True,1.0,0.6666666666666666,13
2,2,True,12,12,24,255,10.625,0.8497397499771666,True,True,1.0,1.0,13
3,3,True,15,7,22,233,10.590909090909092,0.8117405723845641,True,True,1.0,1.0,8
2,2,True,10,7,17,181,10.647058823529411,0.7388556645953764,True,True,1.0,1.0,8
2,2,True,10,12,22,168,7.636363636363637,0.7176052471163502,True,True,1.0,0.9,14
2,2,True,10,14,24,249,10.375,0.7875105946682074,True,True,1.0,1.0,15
2,2,True,10,10,20,170,8.5,0.7871680047366499,True,True,1.0,1.0,11
3,3,True,9,8,17,150,8.823529411764707,0.6696928386133821,True,True,1.0,1.0,9
3,3,True,12,5,17,165,9.705882352941176,0.7488600365545859,True,True,1.0,1.0,6
2,2,True,12,5,17,194,11.411764705882353,0.8654633022267253,True,True,1.0,1.0,6
3,3,True,18,10,28,226,8.071428571428571,0.8457358590903077,True,True,1.0,1.0,11
2,2,True,8,5,13,150,11.538461538461538,0.7687047781924844,True,True,1.0,1.0,6
3,2,False,9,10,19,150,7.894736842105263,0.6055294875977959,True,True,1.0,0.6666666666666666,14
3,3,True,18,6,24,205,8.541666666666666,0.8153009788367627,True,True,1.0,1.0,7
2,2,True,8,11,19,218,11.473684210526315,0.7608029126476213,True,True,1.0,1.0,12
2,2,True,12,15,27,191,7.074074074074074,0.7937196960429106,True,True,1.0,1.0,16
3,3,True,18,5,23,207,9.0,0.8315337917974097,True,True,1.0,1.0,6
3,3,True,15,12,27,265,9.814814814814815,0.7946627125807985,True,True,1.0,0.9333333333333333,14
2,2,True,12,15,27,299,11.074074074074074,0.8399713789612298,True,True,1.0,1.0,16
2,2,True,8,6,14,157,11.214285714285714,0.7315685315636654,True,True,1.0,0.875,8
2,2,True,8,14,22,212,9.636363636363637,0.7070326965044983,True,True,1.0,1.0,15
3,3,True,18,8,26,307,11.807692307692308,0.8468845108763895,True,True,1.0,1.0,9
2,2,True,12,9,21,242,11.523809523809524,0.8257038282082202,True,True,1.0,0.9166666666666666,11
3,3,True,12,9,21,226,10.761904761904763,0.7096532768170067,True,True,1.0,1.0,10
3,3,True,18,7,25,278,11.12,0.8601568225111763,True,True,1.0,1.0,8
2,2,True,10,15,25,203,8.12,0.7593701754104117,True,True,1.0,0.9,17
2,2,True,12,12,24,215,8.958333333333334,0.8270932782768128,True,True,1.0,1.0,13
2,2,True,10,7,17,150,8.823529411764707,0.7398618512018101,True,True,1.0,0.9,9
2,2,True,10,9,19,150,7.894736842105263,0.7733501325827048,True,True,1.0,0.9,11
2,2,True,6,15,21,242,11.523809523809524,0.7053037543812124,True,True,1.0,0.8333333333333334,17
3,3,True,15,12,27,282,10.444444444444445,0.8209811751133232,True,True,1.0,0.9333333333333333,14
3,3,True,15,7,22,245,11.136363636363637,0.7934431635802964,True,True,1.0,0.9333333333333333,9
2,2,True,12,14,26,184,7.076923076923077,0.7992866725227945,True,True,1.0,1.0,15
3,3,True,12,8,20,200,10.0,0.7495588944762429,True,True,1.0,1.0,9
2,2,True,12,6,18,206,11.444444444444445,0.8635539104225436,True,True,1.0,1.0,7
2,2,True,12,10,22,167,7.590909090909091,0.7760263557573754,True,True,1.0,0.8333333333333334,13
2,2,True,6,7,13,150,11.538461538461538,0.6854008184555537,True,True,1.0,1.0,8
3,3,True,12,6,18,150,8.333333333333334,0.7575306591826493,True,True,1.0,0.9166666666666666,8
3,3,True,15,13,28,284,10.142857142857142,0.8096387871830834,True,True,1.0,1.0,14
3,3,True,18,12,30,282,9.4,0.8609651397841214,True,True,1.0,1.0,13
3,3,True,9,6,15,154,10.266666666666667,0.6396033374884929,True,True,1.0,1.0,7
3,3,True,18,5,23,262,11.391304347826088,0.8651338670363685,True,True,1.0,1.0,6
3,3,True,18,13,31,324,10.451612903225806,0.8104147891000238,True,True,1.0,0.9444444444444444,15
2,2,True,8,8,16,154,9.625,0.7734653003417415,True,True,1.0,1.0,9
3,3,True,15,7,22,224,10.181818181818182,0.7841566599061367,True,True,1.0,1.0,8
3,3,True,15,13,28,259,9.25,0.7650364196917228,True,True,1.0,0.9333333333333333,15
3,3,True,18,15,33,277,8.393939393939394,0.8201231286131806,True,True,1.0,0.9444444444444444,17
2,2,True,10,9,19,188,9.894736842105264,0.7832626868912943,True,True,1.0,0.9,11
3,3,True,9,12,21,243,11.571428571428571,0.6947660729372718,True,True,1.0,1.0,13
2,2,True,6,5,11,150,13.636363636363637,0.649095832492091,True,True,1.0,0.8333333333333334,7
2,2,True,10,5,15,150,10.0,0.8150282787144907,True,True,1.0,1.0,6
2,2,True,8,15,23,218,9.478260869565217,0.7096616984265262,True,True,1.0,1.0,16
3,3,True,12,15,27,245,9.074074074074074,0.734245086095226,True,True,1.0,0.8333333333333334,18
2,2,True,12,15,27,193,7.148148148148148,0.8030890565455252,True,True,1.0,1.0,16
3,3,True,15,14,29,347,11.96551724137931,0.8197180746046809,True,True,1.0,1.0,15
2,2,True,6,7,13,150,11.538461538461538,0.6963941561956627,True,True,1.0,1.0,8
2,2,True,10,12,22,201,9.136363636363637,0.7741821851859967,True,True,1.0,1.0,13
2,2,True,12,10,22,184,8.363636363636363,0.829265293159297,True,True,1.0,1.0,11
2,2,True,10,10,20,219,10.95,0.7975892028822258,True,True,1.0,1.0,11
2,2,True,8,14,22,237,10.772727272727273,0.7788142825476557,True,True,1.0,1.0,15
3,3,True,18,6,24,200,8.333333333333334,0.8221059530803231,True,True,1.0,1.0,7
2,2,True,8,14,22,239,10.863636363636363,0.7568362402155429,True,True,1.0,1.0,15
3,3,True,15,13,28,308,11.0,0.7798619442067354,True,True,1.0,1.0,14
3,3,True,15,9,24,208,8.666666666666666,0.7868582657935101,True,True,1.0,0.9333333333333333,11
2,2,True,8,5,13,155,11.923076923076923,0.7845640609372561,True,True,1.0,1.0,6
2,2,True,8,7,15,150,10.0,0.7861957607113533,True,True,1.0,1.0,8
3,3,True,15,12,27,309,11.444444444444445,0.8318506497671394,True,True,1.0,1.0,13
2,2,True,10,6,16,150,9.375,0.7770011821961181,True,True,1.0,1.0,7
3,3,True,15,14,29,290,10.0,0.7697138046365319,True,True,1.0,1.0,15
3,3,True,15,8,23,271,11.782608695652174,0.808611467696664,True,True,1.0,1.0,9
3,3,True,15,12,27,206,7.62962962962963,0.7636604376085401,True,True,1.0,1.0,13
3,3,True,15,10,25,231,9.24,0.7271467058839058,True,True,1.0,0.8,14
3,3,True,9,8,17,199,11.705882352941176,0.6688023290013776,True,True,1.0,1.0,9
3,3,True,12,7,19,219,11.526315789473685,0.6994404379440546,True,True,1.0,1.0,8
3,3,True,18,5,23,185,8.043478260869565,0.8089779545487054,True,True,1.0,1.0,6
3,3,True,12,7,19,200,10.526315789473685,0.7587483021645134,True,True,1.0,0.9166666666666666,9
2,2,True,8,11,19,211,11.105263157894736,0.7251288029076682,True,True,1.0,1.0,12
2,2,True,8,5,13,153,11.76923076923077,0.8003222126682996,True,True,1.0,0.875,7
3,3,True,15,14,29,283,9.758620689655173,0.7956291193769858,True,True,1.0,0.9333333333333333,16
2,2,True,12,11,23,230,10.0,0.8276100813332289,True,True,1.0,1.0,12
2,2,True,12,12,24,178,7.416666666666667,0.8082534302903145,True,True,1.0,0.8333333333333334,15
2,1,False,6,13,19,176,9.263157894736842,0.6186078111761022,True,True,1.0,0.5,17
3,3,True,12,12,24,274,11.416666666666666,0.7567018612463106,True,True,1.0,1.0,13
2,2,True,10,14,24,256,10.666666666666666,0.7852673725215543,True,True,1.0,1.0,15
2,2,True,10,15,25,246,9.84,0.765945875872495,True,True,1.0,1.0,16
2,2,True,12,10,22,175,7.954545454545454,0.808143845910986,True,True,1.0,1.0,11
2,2,True,8,15,23,264,11.478260869565217,0.7545657081016527,True,True,1.0,1.0,16
2,2,True,12,11,23,220,9.565217391304348,0.8226404921364506,True,True,1.0,0.9166666666666666,13
2,2,True,8,11,19,150,7.894736842105263,0.7160006381611076,True,True,1.0,1.0,12
3,3,True,15,15,30,247,8.233333333333333,0.7951791811149783,True,True,1.0,1.0,16
3,3,True,9,15,24,234,9.75,0.6737537551733186,True,True,1.0,1.0,16
2,2,True,12,11,23,270,11.73913043478261,0.8315108808488924,True,True,1.0,1.0,12
2,2,True,12,11,23,273,11.869565217391305,0.8537185035653694,True,True,1.0,1.0,12
2,2,True,12,7,19,157,8.263157894736842,0.8149467299062597,True,True,1.0,1.0,8
3,2,False,9,6,15,166,11.066666666666666,0.6121741448350719,True,True,1.0,0.6666666666666666,10
3,3,True,18,10,28,238,8.5,0.828236933352059,True,True,1.0,1.0,11
3,3,True,12,7,19,185,9.736842105263158,0.7179854472112712,True,True,1.0,1.0,8
3,3,True,15,9,24,285,11.875,0.8103586695896036,True,True,1.0,0.9333333333333333,11
3,3,True,18,11,29,284,9.793103448275861,0.8261200206806868,True,True,1.0,0.8888888888888888,14
2,2,True,10,7,17,150,8.823529411764707,0.8068885910752085,True,True,1.0,1.0,8
2,2,True,12,12,24,216,9.0,0.7987557768529395,True,True,1.0,1.0,13
3,3,True,15,15,30,218,7.266666666666667,0.7842383495548814,True,True,1.0,1.0,16
3,3,True,15,10,25,195,7.8,0.8151537222061629,True,True,1.0,1.0,11
2,2,True,6,8,14,150,10.714285714285714,0.6950744603855167,True,True,1.0,1.0,9
3,3,True,15,14,29,244,8.413793103448276,0.7871344375329682,True,True,1.0,1.0,15
2,2,True,8,10,18,150,8.333333333333334,0.7013572529304172,True,True,1.0,1.0,11
2,2,True,12,6,18,204,11.333333333333334,0.8594754805374455,True,True,1.0,1.0,7
2,2,True,8,7,15,150,10.0,0.7654873255479685,True,True,1.0,1.0,8
3,3,True,18,7,25,292,11.68,0.8427652111878791,True,True,1.0,1.0,8
3,3,True,12,11,23,200,8.695652173913043,0.7464303634570015,True,True,1.0,1.0,12
3,3,True,12,13,25,291,11.64,0.7512129522634275,True,True,1.0,1.0,14
3,3,True,12,8,20,179,8.95,0.7206382939159891,True,True,1.0,0.9166666666666666,10
2,2,True,10,15,25,183,7.32,0.7540545951051569,True,True,1.0,1.0,16
3,3,True,12,13,25,294,11.76,0.7801680993394106,True,True,1.0,1.0,14
2,2,True,8,9,17,198,11.647058823529411,0.746738595637602,True,True,1.0,1.0,10
2,2,True,12,15,27,208,7.703703703703703,0.8004987300854579,True,True,1.0,1.0,16
2,2,True,10,15,25,268,10.72,0.8338751182937157,True,True,1.0,1.0,16
2,2,True,10,14,24,184,7.666666666666667,0.701826782578775,True,True,1.0,0.8,17
3,3,True,12,10,22,204,9.272727272727273,0.7567435123668947,True,True,1.0,1.0,11
3,3,True,15,10,25,273,10.92,0.7978161181814918,True,True,1.0,0.9333333333333333,12
3,3,True,15,5,20,180,9.0,0.7987903869523648,True,True,1.0,0.9333333333333333,7
2,2,True,12,14,26,186,7.153846153846154,0.8031386591590962,True,True,1.0,0.9166666666666666,16
2,2,True,8,14,22,197,8.954545454545455,0.734781736340863,True,True,1.0,1.0,15
3,3,True,15,15,30,291,9.7,0.7776485093499566,True,True,1.0,0.9333333333333333,17
3,3,True,18,15,33,319,9.666666666666666,0.825949957919248,True,True,1.0,1.0,16
2,2,True,8,13,21,156,7.428571428571429,0.7145703693588075,True,True,1.0,1.0,14
3,3,True,15,6,21,163,7.761904761904762,0.7798016664763245,True,True,1.0,0.9333333333333333,8
2,2,True,10,9,19,198,10.421052631578947,0.7740620194405265,True,True,1.0,0.9,11
2,2,True,6,8,14,150,10.714285714285714,0.6647237751013763,True,True,1.0,1.0,9
2,2,True,10,10,20,220,11.0,0.7896761250048571,True,True,1.0,1.0,11
3,3,True,12,8,20,228,11.4,0.7476394596950273,True,True,1.0,0.9166666666666666,10
2,2,True,10,7,17,150,8.823529411764707,0.7521070305253802,True,True,1.0,1.0,8
3,3,True,15,15,30,314,10.466666666666667,0.8040349236411303,True,True,1.0,1.0,16
3,3,True,18,10,28,277,9.892857142857142,0.8513945846973429,True,True,1.0,0.8888888888888888,13
3,3,True,12,13,25,196,7.84,0.7412380151407841,True,True,1.0,1.0,14
3,3,True,15,9,24,182,7.583333333333333,0.819276387677207,True,True,1.0,1.0,10
2,2,True,8,10,18,191,10.61111111111111,0.7911868260692289,True,True,1.0,1.0,11
2,2,True,6,8,14,150,10.714285714285714,0.6031099725133339,True,True,1.0,0.8333333333333334,10
2,2,True,10,7,17,150,8.823529411764707,0.7895369041019765,True,True,1.0,0.9,9
3,3,True,12,8,20,215,10.75,0.7467709691324504,True,True,1.0,0.9166666666666666,10
3,3,True,18,6,24,278,11.583333333333334,0.8568017852502945,True,True,1.0,1.0,7
3,3,True,15,6,21,243,11.571428571428571,0.8118487012401153,True,True,1.0,1.0,7
2,2,True,12,12,24,241,10.041666666666666,0.8366874221068872,True,True,1.0,1.0,13
3,3,True,12,15,27,197,7.296296296296297,0.7009757690047002,True,True,1.0,0.9166666666666666,17
3,3,True,18,6,24,261,10.875,0.8519275038672215,True,True,1.0,1.0,7
3,3,True,18,15,33,367,11.121212121212121,0.8572388131117367,True,True,1.0,1.0,16
3,3,True,18,9,27,211,7.814814814814815,0.8211356433581412,True,True,1.0,1.0,10
2,2,True,10,9,19,165,8.68421052631579,0.8166247785998608,True,True,1.0,1.0,10
3,3,True,18,11,29,336,11.586206896551724,0.8510572024421033,True,True,1.0,1.0,12
3,3,True,12,13,25,235,9.4,0.7681078385664507,True,True,1.0,0.9166666666666666,15
3,2,False,9,8,17,150,8.823529411764707,0.6699488471623163,True,True,1.0,0.6666666666666666,12
2,2,True,10,9,19,161,8.473684210526315,0.7772170001428276,True,True,1.0,0.9,11
3,3,True,9,11,20,194,9.7,0.675917493020043,True,True,1.0,1.0,12
2,2,True,6,7,13,150,11.538461538461538,0.7421217273449533,True,True,1.0,1.0,8
3,3,True,18,15,33,362,10.969696969696969,0.8359822275683928,True,True,1.0,1.0,16
2,2,True,8,9,17,183,10.764705882352942,0.7223619507476192,True,True,1.0,0.875,11
3,3,True,15,9,24,286,11.916666666666666,0.7967993767972628,True,True,1.0,1.0,10
3,3,True,12,15,27,261,9.666666666666666,0.7275277422961615,True,True,1.0,1.0,16
2,2,True,8,14,22,185,8.409090909090908,0.7410487630391285,True,True,1.0,1.0,15
3,3,True,15,5,20,152,7.6,0.7989044082547084,True,True,1.0,0.9333333333333333,7
2,2,True,6,13,19,150,7.894736842105263,0.658575084964341,True,True,1.0,1.0,14
2,2,True,6,12,18,197,10.944444444444445,0.7143615411718346,True,True,1.0,1.0,13
3,3,True,12,14,26,184,7.076923076923077,0.674945872156279,True,True,1.0,1.0,15
3,3,True,15,10,25,233,9.32,0.7911716094349551,True,True,1.0,1.0,11
3,3,True,18,8,26,239,9.192307692307692,0.8179015136836613,True,True,1.0,1.0,9
3,3,True,18,13,31,267,8.612903225806452,0.7866373338580449,True,True,1.0,1.0,14
3,3,True,9,15,24,254,10.583333333333334,0.6736961257286386,True,True,1.0,1.0,16
2,2,True,6,12,18,150,8.333333333333334,0.6688134241023844,True,True,1.0,0.8333333333333334,14
3,3,True,18,13,31,241,7.774193548387097,0.8320248604041729,True,True,1.0,0.9444444444444444,15
3,3,True,18,6,24,244,10.166666666666666,0.8545764047705852,True,True,1.0,1.0,7
3,3,True,9,14,23,222,9.652173913043478,0.6892973114860327,True,True,1.0,1.0,15
3,3,True,15,15,30,278,9.266666666666667,0.7806189596700565,True,True,1.0,1.0,16
2,2,True,10,10,20,177,8.85,0.792956344882748,True,True,1.0,1.0,11
2,2,True,10,7,17,165,9.705882352941176,0.7756197861227616,True,True,1.0,1.0,8
3,3,True,15,7,22,160,7.2727272727272725,0.7565759608276047,True,True,1.0,1.0,8
2,2,True,8,5,13,150,11.538461538461538,0.7310092046847416,True,True,1.0,0.875,7
2,1,False,6,10,16,150,9.375,0.6502070785364396,True,True,1.0,0.5,14
2,2,True,8,15,23,231,10.043478260869565,0.7448527214028231,True,True,1.0,1.0,16
2,2,True,12,5,17,195,11.470588235294118,0.8562937367440099,True,True,1.0,1.0,6
2,2,True,8,14,22,221,10.045454545454545,0.8000410959429362,True,True,1.0,1.0,15
2,2,True,10,8,18,150,8.333333333333334,0.8095728705954751,True,True,1.0,1.0,9
3,3,True,9,9,18,171,9.5,0.6522362733111949,True,True,1.0,1.0,10
3,3,True,9,7,16,150,9.375,0.6443689450441252,True,True,1.0,1.0,8
2,2,True,12,5,17,188,11.058823529411764,0.8385764045720913,True,True,1.0,1.0,6
2,2,True,8,7,15,150,10.0,0.7818925141120525,True,True,1.0,1.0,8
2,2,True,10,10,20,150,7.5,0.803604443912092,True,True,1.0,1.0,11
3,3,True,12,9,21,207,9.857142857142858,0.7156669815201907,True,True,1.0,0.9166666666666666,11
2,2,True,12,11,23,233,10.130434782608695,0.8357127195978209,True,True,1.0,1.0,12
2,2,True,8,14,22,196,8.909090909090908,0.7402884622397127,True,True,1.0,0.875,16
2,2,True,6,15,21,247,11.761904761904763,0.688134538080921,True,True,1.0,1.0,16
2,2,True,10,12,22,232,10.545454545454545,0.8109339178572341,True,True,1.0,1.0,13
2,2,True,10,11,21,228,10.857142857142858,0.8173806986546712,True,True,1.0,1.0,12
2,2,True,8,13,21,213,10.142857142857142,0.6937143108547718,True,True,1.0,1.0,14
2,2,True,6,9,15,156,10.4,0.6999528049635609,True,True,1.0,1.0,10
2,2,True,8,6,14,150,10.714285714285714,0.7446525319189587,True,True,1.0,1.0,7
3,3,True,15,8,23,213,9.26086956521739,0.7817889919922485,True,True,1.0,0.8666666666666667,11
3,3,True,9,8,17,150,8.823529411764707,0.6517891085135133,True,True,1.0,1.0,9
3,3,True,12,10,22,209,9.5,0.7631855164656081,True,True,1.0,1.0,11
3,3,True,9,5,14,150,10.714285714285714,0.661757965078024,True,True,1.0,1.0,6
2,2,True,12,5,17,150,8.823529411764707,0.8278016366602179,True,True,1.0,1.0,6
3,3,True,15,10,25,241,9.64,0.7967403633135746,True,True,1.0,1.0,11
2,2,True,10,10,20,167,8.35,0.7566451038719517,True,True,1.0,0.8,13
2,2,True,8,6,14,157,11.214285714285714,0.7680269699193552,True,True,1.0,1.0,7
3,3,True,15,12,27,245,9.074074074074074,0.7633560494470188,True,True,1.0,1.0,13
2,2,True,6,5,11,150,13.636363636363637,0.6501906556069981,True,True,1.0,0.8333333333333334,7
3,3,True,12,5,17,150,8.823529411764707,0.7323821676693889,True,True,1.0,1.0,6
3,3,True,15,11,26,222,8.538461538461538,0.8006652933564539,True,True,1.0,1.0,12
3,3,True,12,12,24,233,9.708333333333334,0.730556304442589,True,True,1.0,1.0,13
2,2,True,8,12,20,183,9.15,0.7272388108846638,True,True,1.0,1.0,13
2,2,True,6,5,11,150,13.636363636363637,0.6883909615883522,True,True,1.0,1.0,6
3,3,True,15,10,25,218,8.72,0.7507626807718529,True,True,1.0,0.9333333333333333,12
2,2,True,10,15,25,203,8.12,0.8296684349041606,True,True,1.0,0.9,17
3,3,True,15,8,23,223,9.695652173913043,0.7945439577818081,True,True,1.0,0.8666666666666667,11
3,3,True,12,11,23,245,10.652173913043478,0.751936993054181,True,True,1.0,0.8333333333333334,14
3,3,True,9,5,14,150,10.714285714285714,0.7057215921920372,True,True,1.0,1.0,6
3,3,True,15,14,29,293,10.10344827586207,0.7828481705686237,True,True,1.0,0.9333333333333333,16
2,2,True,6,14,20,186,9.3,0.7048846181218437,True,True,1.0,1.0,15
3,3,True,18,13,31,371,11.96774193548387,0.8461363366188681,True,True,1.0,1.0,14
2,2,True,12,6,18,186,10.333333333333334,0.8159586673325769,True,True,1.0,0.9166666666666666,8
2,2,True,8,6,14,150,10.714285714285714,0.7433938448068752,True,True,1.0,0.875,8
3,3,True,15,13,28,248,8.857142857142858,0.7781288331542296,True,True,1.0,0.9333333333333333,15
2,2,True,8,13,21,221,10.523809523809524,0.7821543778228037,True,True,0.8888888888888888,1.0,13
3,3,True,15,9,24,188,7.833333333333333,0.7803813530877305,True,True,1.0,1.0,10
3,3,True,15,14,29,251,8.655172413793103,0.8043869093768281,True,True,1.0,1.0,15
3,3,True,9,13,22,165,7.5,0.6162529501207152,True,True,1.0,1.0,14
3,3,True,15,5,20,222,11.1,0.8063487857952717,True,True,1.0,1.0,6
2,2,True,10,6,16,190,11.875,0.8328170665714336,True,True,1.0,1.0,7
3,3,True,15,6,21,152,7.238095238095238,0.8078028759331667,True,True,1.0,1.0,7
2,2,True,10,5,15,150,10.0,0.8150840037352511,True,True,1.0,1.0,6
2,2,True,6,11,17,195,11.470588235294118,0.7336738196716835,True,True,1.0,1.0,12
3,3,True,12,9,21,233,11.095238095238095,0.7436178818326388,True,True,1.0,1.0,10
2,2,True,12,6,18,215,11.944444444444445,0.8497962237063752,True,True,1.0,1.0,7
3,3,True,15,7,22,225,10.227272727272727,0.7764481535626035,True,True,1.0,1.0,8
2,2,True,10,7,17,188,11.058823529411764,0.8115923195174515,True,True,1.0,0.8,10
2,2,True,8,13,21,193,9.19047619047619,0.712158743758554,True,True,1.0,0.875,15
3,3,True,15,6,21,225,10.714285714285714,0.8240315470424922,True,True,1.0,1.0,7
3,3,True,12,12,24,248,10.333333333333334,0.7589498113081797,True,True,1.0,1.0,13
3,3,True,9,8,17,173,10.176470588235293,0.6818948924911183,True,True,1.0,1.0,9
3,3,True,9,13,22,154,7.0,0.6620952000828049,True,True,1.0,1.0,14
3,3,True,18,5,23,232,10.08695652173913,0.809060344337831,True,True,1.0,1.0,6
3,3,True,9,11,20,180,9.0,0.6629675055419768,True,True,1.0,1.0,12
3,3,True,9,5,14,166,11.857142857142858,0.6745682811160238,True,True,1.0,1.0,6
2,2,True,6,9,15,167,11.133333333333333,0.6901257200962763,True,True,1.0,1.0,10
2,2,True,8,9,17,150,8.823529411764707,0.6838863625619322,True,True,1.0,1.0,10
3,3,True,18,8,26,283,10.884615384615385,0.8335757743577801,True,True,1.0,1.0,9
2,2,True,8,14,22,167,7.590909090909091,0.7112089168478575,True,True,1.0,1.0,15
2,2,True,6,5,11,150,13.636363636363637,0.701241913448576,True,True,1.0,1.0,6
2,2,True,12,8,20,228,11.4,0.8560135015314255,True,True,1.0,1.0,9
3,3,True,9,14,23,270,11.73913043478261,0.6667409844384149,True,True,1.0,0.8888888888888888,16
3,3,True,15,13,28,332,11.857142857142858,0.8093927975967409,True,True,1.0,0.9333333333333333,15
2,2,True,8,8,16,184,11.5,0.7751332009238701,True,True,1.0,1.0,9
3,3,True,9,6,15,157,10.466666666666667,0.6609309735276175,True,True,1.0,1.0,7
3,3,True,12,14,26,240,9.23076923076923,0.7487437809263632,True,True,1.0,0.9166666666666666,16
2,2,True,8,15,23,165,7.173913043478261,0.759886079791494,True,True,1.0,1.0,16
3,3,True,12,8,20,170,8.5,0.7148305631291917,True,True,1.0,1.0,9
3,3,True,18,8,26,230,8.846153846153847,0.8300621581001606,True,True,1.0,0.9444444444444444,10
2,2,True,8,15,23,196,8.521739130434783,0.7380254127765168,True,True,1.0,0.875,17
3,3,True,18,11,29,232,8.0,0.8083655417847472,True,True,1.0,1.0,12
2,2,True,6,12,18,192,10.666666666666666,0.6977222951719012,True,True,1.0,1.0,13
3,3,True,18,13,31,331,10.67741935483871,0.8110513399218906,True,True,1.0,0.9444444444444444,15
2,2,True,8,14,22,192,8.727272727272727,0.7092744383674969,True,True,1.0,1.0,15
3,3,True,9,11,20,165,8.25,0.6971459100391645,True,True,1.0,1.0,12
3,3,True,12,12,24,222,9.25,0.7663828842699646,True,True,1.0,1.0,13
3,3,True,15,11,26,229,8.807692307692308,0.7805432754185395,True,True,1.0,0.9333333333333333,13
2,2,True,12,8,20,201,10.05,0.8171696536480155,True,True,1.0,0.9166666666666666,10
2,2,True,10,15,25,230,9.2,0.7838540097265482,True,True,1.0,1.0,16
3,2,False,9,14,23,225,9.782608695652174,0.6828023682862666,True,True,1.0,0.6666666666666666,18
2,1,False,6,9,15,150,10.0,0.6654719845210534,True,True,1.0,0.5,13
3,3,True,12,5,17,150,8.823529411764707,0.7621220932375754,True,True,1.0,0.9166666666666666,7
3,2,False,9,8,17,150,8.823529411764707,0.607954345958529,True,True,1.0,0.6666666666666666,12
2,2,True,8,6,14,150,10.714285714285714,0.7348664919285659,True,True,1.0,1.0,7
3,3,True,9,11,20,169,8.45,0.6969292311255502,True,True,1.0,1.0,12
2,2,True,10,10,20,213,10.65,0.7841761376479895,True,True,1.0,0.9,12
3,3,True,15,14,29,232,8.0,0.7886248754911207,True,True,1.0,1.0,15
2,2,True,6,15,21,243,11.571428571428571,0.7226137463343104,True,True,1.0,1.0,16
3,3,True,12,12,24,244,10.166666666666666,0.7559252433043406,True,True,1.0,1.0,13
2,2,True,6,15,21,236,11.238095238095237,0.6981812510295614,True,True,1.0,0.6666666666666666,18
2,2,True,10,5,15,150,10.0,0.8009149563358336,True,True,1.0,1.0,6
2,2,True,12,7,19,176,9.263157894736842,0.8529566806168107,True,True,1.0,1.0,8
2,2,True,10,15,25,268,10.72,0.8149624710367733,True,True,1.0,1.0,16
2,2,True,12,15,27,285,10.555555555555555,0.8208679839535469,True,True,1.0,1.0,16
2,2,True,8,10,18,205,11.38888888888889,0.7486751050160518,True,True,1.0,0.875,12
2,2,True,12,13,25,286,11.44,0.8261161833290793,True,True,1.0,1.0,14
2,2,True,10,12,22,213,9.681818181818182,0.8207015787951046,True,True,1.0,1.0,13
2,2,True,6,9,15,154,10.266666666666667,0.7188572569219386,True,True,1.0,0.8333333333333334,11
3,3,True,12,13,25,287,11.48,0.7638748359500331,True,True,1.0,1.0,14
3,3,True,9,5,14,150,10.714285714285714,0.6364351908677438,True,True,1.0,0.8888888888888888,7
3,3,True,18,9,27,282,10.444444444444445,0.844515103826833,True,True,1.0,0.9444444444444444,11
3,3,True,15,11,26,222,8.538461538461538,0.7657514045665864,True,True,1.0,1.0,12
2,2,True,12,7,19,208,10.947368421052632,0.863771875177098,True,True,1.0,1.0,8
3,3,True,18,14,32,363,11.34375,0.8294900030102808,True,True,1.0,1.0,15
2,1,False,6,12,18,189,10.5,0.694169092836141,True,True,1.0,0.5,16
2,2,True,10,14,24,273,11.375,0.8021456621887872,True,True,1.0,1.0,15
2,2,True,12,6,18,150,8.333333333333334,0.8418718970211172,True,True,1.0,1.0,7
3,3,True,12,8,20,154,7.7,0.7445752636895588,True,True,1.0,1.0,9
3,3,True,18,11,29,318,10.96551724137931,0.8466010976731162,True,True,1.0,1.0,12
2,2,True,10,9,19,220,11.578947368421053,0.8155334379456066,True,True,1.0,1.0,10
2,2,True,10,9,19,215,11.31578947368421,0.8181160752209009,True,True,1.0,1.0,10
2,2,True,6,11,17,192,11.294117647058824,0.7130151118053053,True,True,1.0,1.0,12
2,2,True,8,13,21,234,11.142857142857142,0.7460117506528128,True,True,1.0,1.0,14
2,2,True,12,7,19,157,8.263157894736842,0.8236533676984636,True,True,1.0,1.0,8
2,2,True,8,7,15,167,11.133333333333333,0.7000311033109201,True,True,1.0,0.875,9
3,3,True,9,11,20,161,8.05,0.637002665940974,True,True,1.0,1.0,12
2,2,True,12,9,21,170,8.095238095238095,0.8168457614134853,True,True,1.0,1.0,10
3,3,True,12,14,26,255,9.807692307692308,0.7637922322121334,True,True,1.0,1.0,15
2,2,True,12,15,27,269,9.962962962962964,0.8259444379615326,True,True,1.0,1.0,16
3,3,True,15,9,24,176,7.333333333333333,0.7681831854504175,True,True,1.0,1.0,10
3,3,True,18,6,24,239,9.958333333333334,0.8520417234103664,True,True,1.0,0.9444444444444444,8
2,2,True,10,8,18,151,8.38888888888889,0.7455655314736315,True,True,1.0,1.0,9
2,2,True,6,15,21,197,9.380952380952381,0.6434108729167077,True,True,1.0,1.0,16
2,2,True,10,5,15,150,10.0,0.7813187681529071,True,True,1.0,1.0,6
2,2,True,10,11,21,180,8.571428571428571,0.7770126126681619,True,True,1.0,0.9,13
3,3,True,15,6,21,196,9.333333333333334,0.8113784872135195,True,True,1.0,1.0,7
3,3,True,12,14,26,291,11.192307692307692,0.7205072857816065,True,True,1.0,0.9166666666666666,16
2,2,True,8,8,16,150,9.375,0.7569747494897404,True,True,1.0,1.0,9
2,2,True,10,6,16,150,9.375,0.7435216028070657,True,True,1.0,0.8,9
2,2,True,10,10,20,226,11.3,0.810234576476116,True,True,1.0,1.0,11
2,2,True,8,6,14,150,10.714285714285714,0.7691897313293069,True,True,1.0,1.0,7
3,3,True,18,5,23,239,10.391304347826088,0.8321932642888241,True,True,1.0,0.8888888888888888,8
3,3,True,18,5,23,248,10.782608695652174,0.853371440893977,True,True,1.0,1.0,6
2,2,True,12,13,25,242,9.68,0.8630088095010453,True,True,1.0,1.0,14
2,2,True,12,11,23,272,11.826086956521738,0.8151184797236747,True,True,1.0,0.9166666666666666,13
2,2,True,10,5,15,150,10.0,0.829648039978391,True,True,1.0,1.0,6
3,3,True,15,12,27,308,11.407407407407407,0.8115099816539133,True,True,1.0,1.0,13
3,3,True,12,12,24,177,7.375,0.7438814318949188,True,True,1.0,1.0,13
3,3,True,12,8,20,189,9.45,0.7407710514860337,True,True,1.0,0.9166666666666666,10
3,3,True,9,11,20,150,7.5,0.6229354127514621,True,True,1.0,0.7777777777777778,14
3,3,True,12,13,25,208,8.32,0.7557216764728293,True,True,1.0,1.0,14
3,3,True,18,6,24,191,7.958333333333333,0.8279769543193203,True,True,1.0,1.0,7
3,3,True,12,15,27,271,10.037037037037036,0.7704898380647269,True,True,1.0,1.0,16
3,3,True,15,13,28,280,10.0,0.792484866633425,True,True,1.0,1.0,14
3,3,True,15,15,30,294,9.8,0.7477991946122506,True,True,1.0,1.0,16
3,3,True,15,12,27,238,8.814814814814815,0.8016440738299482,True,True,1.0,1.0,13
2,2,True,10,11,21,171,8.142857142857142,0.8084463533089611,True,True,1.0,1.0,12
3,3,True,9,6,15,150,10.0,0.6788853020332328,True,True,1.0,1.0,7
2,2,True,8,9,17,150,8.823529411764707,0.7508272906546283,True,True,1.0,1.0,10
2,2,True,12,10,22,206,9.363636363636363,0.8274646441685592,True,True,1.0,1.0,11
3,3,True,18,9,27,307,11.37037037037037,0.8318475176923908,True,True,1.0,0.9444444444444444,11
3,3,True,12,14,26,249,9.576923076923077,0.7572560840634384,True,True,1.0,1.0,15
3,3,True,12,5,17,156,9.176470588235293,0.7541678770747904,True,True,1.0,1.0,6
3,3,True,12,7,19,150,7.894736842105263,0.7184584331931649,True,True,1.0,1.0,8
2,2,True,8,13,21,233,11.095238095238095,0.7781972794749005,True,True,1.0,0.875,15
2,2,True,8,9,17,150,8.823529411764707,0.7682953586224622,True,True,1.0,1.0,10
2,2,True,8,11,19,206,10.842105263157896,0.7320370640484686,True,True,1.0,1.0,12
3,3,True,9,15,24,184,7.666666666666667,0.6267954777655962,True,True,1.0,1.0,16
2,2,True,12,8,20,168,8.4,0.8157696110791238,True,True,1.0,1.0,9
2,2,True,8,15,23,255,11.08695652173913,0.7194084811386166,True,True,1.0,1.0,16
3,3,True,9,12,21,213,10.142857142857142,0.7007533970594754,True,True,1.0,1.0,13
3,3,True,15,13,28,237,8.464285714285714,0.7813369186756834,True,True,1.0,1.0,14
3,2,False,9,15,24,252,10.5,0.7206280459469928,True,True,1.0,0.6666666666666666,19
2,2,True,8,8,16,175,10.9375,0.7356346309805661,True,True,1.0,0.875,10
3,3,True,12,11,23,221,9.608695652173912,0.7166889342430499,True,True,1.0,1.0,12
2,2,True,12,13,25,240,9.6,0.8283091796425518,True,True,1.0,0.9166666666666666,15
3,3,True,15,13,28,331,11.821428571428571,0.7837323898187626,True,True,1.0,1.0,14
2,2,True,12,5,17,179,10.529411764705882,0.8399001993582512,True,True,1.0,1.0,6
2,2,True,6,11,17,192,11.294117647058824,0.6748175710918486,True,True,1.0,1.0,12
3,3,True,15,6,21,243,11.571428571428571,0.7734077804963655,True,True,1.0,0.9333333333333333,8
3,3,True,18,8,26,218,8.384615384615385,0.8271959498976473,True,True,1.0,1.0,9
3,3,True,12,11,23,202,8.782608695652174,0.7274924731250435,True,True,1.0,1.0,12
3,3,True,15,15,30,316,10.533333333333333,0.8152492096114555,True,True,1.0,1.0,16
2,2,True,6,12,18,150,8.333333333333334,0.6308774041841239,True,True,1.0,0.8333333333333334,14
3,3,True,18,6,24,257,10.708333333333334,0.8375364147947015,True,True,1.0,1.0,7
3,3,True,12,11,23,239,10.391304347826088,0.7568964388693683,True,True,1.0,1.0,12
3,3,True,9,13,22,203,9.227272727272727,0.6518763521904054,True,True,1.0,1.0,14
3,3,True,15,11,26,192,7.384615384615385,0.7928114091148208,True,True,1.0,1.0,12
3,3,True,18,11,29,269,9.275862068965518,0.8335994437144236,True,True,1.0,1.0,12
2,1,False,6,6,12,150,12.5,0.6328225327096697,True,True,1.0,0.5,10
3,3,True,15,10,25,251,10.04,0.7797066092912233,True,True,1.0,1.0,11
2,2,True,6,9,15,160,10.666666666666666,0.6746150531951376,True,True,1.0,1.0,10
2,2,True,8,10,18,204,11.333333333333334,0.7702390753419192,True,True,1.0,1.0,11
2,2,True,12,14,26,294,11.307692307692308,0.8288706903920119,True,True,1.0,1.0,15
2,2,True,6,13,19,178,9.368421052631579,0.6752508018814658,True,True,1.0,1.0,14
2,2,True,8,15,23,233,10.130434782608695,0.7585922222873037,True,True,1.0,1.0,16
3,3,True,9,15,24,248,10.333333333333334,0.6610938755834634,True,True,1.0,1.0,16
2,2,True,12,5,17,150,8.823529411764707,0.8592347832299686,True,True,1.0,0.8333333333333334,8
2,2,True,12,9,21,217,10.333333333333334,0.8525395636683303,True,True,1.0,0.9166666666666666,11
3,3,True,18,13,31,371,11.96774193548387,0.8359029226166117,True,True,1.0,1.0,14
2,2,True,8,7,15,150,10.0,0.7832672015726223,True,True,1.0,1.0,8
3,3,True,15,10,25,277,11.08,0.8185621443594112,True,True,1.0,1.0,11
2,2,True,8,9,17,150,8.823529411764707,0.6479993742687559,True,True,1.0,1.0,10
3,3,True,12,11,23,187,8.130434782608695,0.689751868478938,True,True,1.0,1.0,12
2,2,True,12,14,26,233,8.961538461538462,0.834827767882345,True,True,1.0,1.0,15
2,2,True,12,9,21,150,7.142857142857143,0.8323605782006338,True,True,1.0,1.0,10
3,3,True,15,11,26,222,8.538461538461538,0.7929663636144827,True,True,1.0,1.0,12
2,2,True,10,10,20,227,11.35,0.7809641710418157,True,True,1.0,0.9,12
3,3,True,15,5,20,237,11.85,0.8205586292713086,True,True,1.0,1.0,6
3,3,True,9,15,24,248,10.333333333333334,0.6678710183066429,True,True,1.0,1.0,16
2,2,True,6,14,20,150,7.5,0.6731765094184043,True,True,1.0,1.0,15
3,3,True,12,13,25,299,11.96,0.7738330925418411,True,True,1.0,1.0,14
3,3,True,18,11,29,341,11.758620689655173,0.8342513093754084,True,True,1.0,1.0,12
2,2,True,12,13,25,251,10.04,0.8013120098909762,True,True,1.0,1.0,14
2,2,True,10,10,20,162,8.1,0.786278481457308,True,True,1.0,1.0,11
3,3,True,9,9,18,214,11.88888888888889,0.7126914132822366,True,True,1.0,1.0,10
3,3,True,15,8,23,213,9.26086956521739,0.8265859858009926,True,True,1.0,1.0,9
3,3,True,9,8,17,192,11.294117647058824,0.666367761952004,True,True,1.0,1.0,9
2,2,True,8,8,16,151,9.4375,0.7323046726266622,True,True,1.0,1.0,9
3,3,True,18,10,28,227,8.107142857142858,0.8276146649356553,True,True,1.0,0.9444444444444444,12
2,2,True,10,6,16,150,9.375,0.765385161591625,True,True,1.0,1.0,7
2,2,True,12,10,22,221,10.045454545454545,0.8254758166532092,True,True,1.0,1.0,11
3,3,True,12,14,26,261,10.038461538461538,0.7515125945841062,True,True,1.0,1.0,15
3,2,False,9,14,23,211,9.173913043478262,0.6708527527097319,True,True,1.0,0.6666666666666666,18
2,2,True,6,13,19,164,8.631578947368421,0.6433037806907016,True,True,1.0,1.0,14
2,2,True,12,6,18,167,9.277777777777779,0.8341525981660449,True,True,1.0,0.8333333333333334,9
3,3,True,9,15,24,270,11.25,0.7110702185273882,True,True,1.0,1.0,16
2,2,True,8,14,22,194,8.818181818181818,0.7499838316965938,True,True,1.0,1.0,15
2,2,True,6,8,14,155,11.071428571428571,0.6558392122339818,True,True,1.0,1.0,9
2,2,True,12,8,20,210,10.5,0.8291137394553842,True,True,1.0,0.8333333333333334,11
2,2,True,10,9,19,202,10.631578947368421,0.8212803710157398,True,True,1.0,0.8,12
2,2,True,10,11,21,173,8.238095238095237,0.7720952762835176,True,True,1.0,1.0,12
2,2,True,10,10,20,205,10.25,0.8315543324569196,True,True,1.0,0.9,12
3,3,True,15,13,28,271,9.678571428571429,0.785807562145057,True,True,1.0,0.8666666666666667,16
3,3,True,9,6,15,150,10.0,0.6580251041222994,True,True,1.0,1.0,7
3,3,True,15,12,27,283,10.481481481481481,0.8057866256691886,True,True,1.0,1.0,13
2,2,True,8,14,22,192,8.727272727272727,0.755458640790664,True,True,1.0,1.0,15
3,3,True,12,10,22,240,10.909090909090908,0.7100471552934582,True,True,1.0,0.9166666666666666,12
2,2,True,10,5,15,170,11.333333333333334,0.7985238392961569,True,True,1.0,0.9,7
3,3,True,15,6,21,225,10.714285714285714,0.7880680813586151,True,True,1.0,1.0,7
3,3,True,18,14,32,305,9.53125,0.8489717991172744,True,True,1.0,1.0,15
2,2,True,10,7,17,182,10.705882352941176,0.7941461788283908,True,True,1.0,0.9,9
2,2,True,10,11,21,240,11.428571428571429,0.8360213263544444,True,True,1.0,1.0,12
3,3,True,12,10,22,197,8.954545454545455,0.7001866038040377,True,True,1.0,0.9166666666666666,12
2,2,True,6,9,15,150,10.0,0.7243200280666955,True,True,1.0,0.8333333333333334,11
2,2,True,8,13,21,170,8.095238095238095,0.7638194966195537,True,True,1.0,1.0,14
2,2,True,8,14,22,233,10.590909090909092,0.733179024578979,True,True,1.0,1.0,15
3,2,False,9,13,22,245,11.136363636363637,0.6517062964821456,True,True,1.0,0.6666666666666666,17
2,2,True,10,10,20,151,7.55,0.7321535238945498,True,True,1.0,0.8,13
2,2,True,8,7,15,150,10.0,0.7431231014625452,True,True,1.0,1.0,8
3,3,True,12,5,17,157,9.235294117647058,0.7135493812609814,True,True,1.0,1.0,6
2,2,True,8,12,20,194,9.7,0.7244556451651752,True,True,1.0,1.0,13
2,2,True,8,13,21,168,8.0,0.7111962142607345,True,True,1.0,1.0,14
2,2,True,10,9,19,193,10.157894736842104,0.7970149630112687,True,True,1.0,0.9,11
3,3,True,18,13,31,248,8.0,0.801411254909517,True,True,1.0,1.0,14
2,2,True,6,13,19,150,7.894736842105263,0.6931841513095324,True,True,1.0,1.0,14
2,2,True,8,7,15,150,10.0,0.7271447726258763,True,True,1.0,1.0,8
2,2,True,6,9,15,150,10.0,0.683944340514938,True,True,1.0,1.0,10
2,1,False,6,10,16,158,9.875,0.6429937727219663,True,True,1.0,0.5,14
3,3,True,18,5,23,205,8.91304347826087,0.8241591960838686,True,True,1.0,1.0,6
3,3,True,15,11,26,218,8.384615384615385,0.7940521028782167,True,True,1.0,1.0,12
3,3,True,15,15,30,342,11.4,0.7807022863789967,True,True,1.0,1.0,16
2,2,True,10,8,18,211,11.722222222222221,0.798437827484921,True,True,1.0,1.0,9
2,2,True,12,8,20,162,8.1,0.8297593634199206,True,True,1.0,1.0,9
2,2,True,8,13,21,227,10.80952380952381,0.7355106442675504,True,True,1.0,0.875,15
3,3,True,9,5,14,155,11.071428571428571,0.5965315186717313,False,True,1.0,1.0,6
2,2,True,12,15,27,310,11.481481481481481,0.8567029630621774,True,True,1.0,1.0,16
3,3,True,15,5,20,150,7.5,0.8091892316209018,True,True,1.0,1.0,6
2,2,True,12,12,24,282,11.75,0.8283853692930252,True,True,1.0,1.0,13
2,2,True,10,6,16,150,9.375,0.790446849115776,True,True,1.0,0.9,8
3,3,True,12,14,26,266,10.23076923076923,0.738329063119422,True,True,1.0,1.0,15
3,3,True,12,7,19,203,10.68421052631579,0.7333445191468292,True,True,1.0,1.0,8
3,3,True,9,12,21,204,9.714285714285714,0.6904121242141718,True,True,1.0,1.0,13
3,3,True,15,11,26,214,8.23076923076923,0.8226450138537683,True,True,1.0,1.0,12
3,3,True,15,12,27,260,9.62962962962963,0.76849905405597,True,True,1.0,0.8666666666666667,15
3,3,True,9,9,18,191,10.61111111111111,0.704400753141571,True,True,1.0,1.0,10
2,2,True,8,9,17,202,11.882352941176471,0.7864320544261512,True,True,1.0,1.0,10
2,2,True,10,14,24,196,8.166666666666666,0.7593855203605547,True,True,1.0,1.0,15
2,2,True,10,6,16,150,9.375,0.7974616089855762,True,True,1.0,1.0,7
2,2,True,6,8,14,158,11.285714285714286,0.6866156320030762,True,True,1.0,1.0,9
3,3,True,15,5,20,225,11.25,0.8117646609589748,True,True,1.0,1.0,6
3,3,True,12,11,23,267,11.608695652173912,0.7651130837193125,True,True,1.0,1.0,12
2,2,True,8,11,19,217,11.421052631578947,0.7763194893283762,True,True,1.0,1.0,12
2,2,True,8,5,13,150,11.538461538461538,0.7679858757516894,True,True,1.0,1.0,6
3,3,True,18,10,28,220,7.857142857142857,0.829077781944517,True,True,1.0,1.0,11
2,2,True,12,5,17,150,8.823529411764707,0.8309847092388921,True,True,1.0,1.0,6
2,2,True,8,5,13,150,11.538461538461538,0.7610729176044725,True,True,1.0,1.0,6
2,2,True,10,6,16,150,9.375,0.8012416496007426,True,True,1.0,1.0,7
3,3,True,15,13,28,266,9.5,0.7756362989045539,True,True,1.0,1.0,14
3,3,True,18,9,27,279,10.333333333333334,0.8428491982978028,True,True,1.0,1.0,10
3,3,True,18,15,33,266,8.06060606060606,0.816844552789999,True,True,1.0,0.9444444444444444,17
2,2,True,10,15,25,197,7.88,0.76695638626634,True,True,1.0,0.9,17
2,2,True,6,5,11,150,13.636363636363637,0.6459978632285157,True,True,1.0,1.0,6
2,2,True,6,6,12,150,12.5,0.6899820087134831,True,True,1.0,1.0,7
2,2,True,8,10,18,203,11.277777777777779,0.7255864553206568,True,True,1.0,1.0,11
3,3,True,15,8,23,246,10.695652173913043,0.828017977726586,True,True,1.0,1.0,9
3,2,False,9,11,20,225,11.25,0.7245086309302776,True,True,1.0,0.6666666666666666,15
3,2,False,9,11,20,190,9.5,0.6604871853623644,True,True,1.0,0.6666666666666666,15
3,3,True,15,7,22,254,11.545454545454545,0.7884343351671705,True,True,1.0,0.9333333333333333,9
3,3,True,12,12,24,210,8.75,0.7662922684882932,True,True,1.0,1.0,13
3,3,True,18,11,29,291,10.03448275862069,0.8360104687225542,True,True,1.0,1.0,12
2,2,True,10,11,21,150,7.142857142857143,0.7062364197737384,True,True,1.0,0.7,15
3,3,True,18,11,29,210,7.241379310344827,0.8050280015186808,True,True,1.0,0.9444444444444444,13
3,3,True,9,13,22,206,9.363636363636363,0.6567218676530798,True,True,1.0,0.7777777777777778,16
3,3,True,9,7,16,150,9.375,0.661625942158883,True,True,1.0,1.0,8
2,2,True,12,15,27,295,10.925925925925926,0.824535288157726,True,True,1.0,1.0,16
3,3,True,18,9,27,246,9.11111111111111,0.8352737087645098,True,True,1.0,1.0,10
2,2,True,10,14,24,275,11.458333333333334,0.8406070697344726,True,True,1.0,1.0,15
3,3,True,12,8,20,223,11.15,0.7356762226873478,True,True,1.0,1.0,9
3,3,True,15,14,29,260,8.96551724137931,0.7943395774900369,True,True,1.0,1.0,15
2,2,True,12,10,22,240,10.909090909090908,0.8609532617839941,True,True,1.0,1.0,11
2,2,True,10,10,20,184,9.2,0.7834519683312249,True,True,1.0,1.0,11
3,3,True,9,12,21,222,10.571428571428571,0.6636269154178259,True,True,1.0,1.0,13
2,2,True,10,8,18,196,10.88888888888889,0.7944966243906844,True,True,1.0,1.0,9
3,3,True,18,10,28,238,8.5,0.8347762391206164,True,True,1.0,1.0,11
3,3,True,12,7,19,157,8.263157894736842,0.7367471580935797,True,True,1.0,0.9166666666666666,9
2,2,True,10,8,18,206,11.444444444444445,0.8326776315575957,True,True,1.0,1.0,9
3,3,True,12,8,20,221,11.05,0.7557209759642151,True,True,1.0,1.0,9
3,3,True,9,9,18,199,11.055555555555555,0.6655310057756719,True,True,1.0,1.0,10
3,3,True,15,6,21,235,11.19047619047619,0.8360841862033979,True,True,1.0,1.0,7
2,2,True,8,9,17,150,8.823529411764707,0.6873038539887317,True,True,1.0,1.0,10
3,3,True,9,7,16,151,9.4375,0.6121639161996009,True,True,1.0,1.0,8
2,2,True,8,5,13,150,11.538461538461538,0.6867284590959891,True,True,1.0,0.75,8
3,3,True,12,5,17,170,10.0,0.7325357970195993,True,True,1.0,1.0,6
2,2,True,8,14,22,177,8.045454545454545,0.7493822337937235,True,True,1.0,1.0,15
3,3,True,15,14,29,314,10.827586206896552,0.7993286922957783,True,True,1.0,1.0,15
3,3,True,18,14,32,381,11.90625,0.8528571887135884,True,True,1.0,1.0,15
2,2,True,12,14,26,237,9.115384615384615,0.847984297386258,True,True,1.0,1.0,15
3,3,True,9,11,20,206,10.3,0.6766947444037597,True,True,1.0,1.0,12
3,3,True,15,11,26,289,11.115384615384615,0.794317723013733,True,True,1.0,0.9333333333333333,13
2,2,True,10,15,25,193,7.72,0.7538874354836163,True,True,1.0,1.0,16
3,3,True,15,7,22,243,11.045454545454545,0.8142246977703933,True,True,1.0,1.0,8
3,3,True,18,10,28,237,8.464285714285714,0.8113709660364478,True,True,1.0,1.0,11
3,3,True,12,9,21,243,11.571428571428571,0.7179331102641429,True,True,1.0,1.0,10
2,2,True,8,15,23,225,9.782608695652174,0.7621138790400357,True,True,1.0,1.0,16
2,2,True,12,9,21,192,9.142857142857142,0.794811422678218,True,True,1.0,0.9166666666666666,11
2,2,True,8,5,13,150,11.538461538461538,0.7671821976775343,True,True,1.0,0.875,7
3,3,True,18,8,26,186,7.153846153846154,0.8309060495721713,True,True,1.0,1.0,9
2,2,True,12,9,21,201,9.571428571428571,0.8135359247451132,True,True,1.0,1.0,10
3,3,True,15,8,23,195,8.478260869565217,0.806066857345276,True,True,1.0,1.0,9
3,3,True,18,9,27,299,11.074074074074074,0.8201470265729794,True,True,1.0,0.8888888888888888,12
2,2,True,10,15,25,277,11.08,0.8093361552469024,True,True,1.0,1.0,16
2,2,True,12,10,22,214,9.727272727272727,0.8119582709753748,True,True,1.0,1.0,11
2,2,True,12,6,18,156,8.666666666666666,0.8283633367943875,True,True,1.0,1.0,7
3,3,True,15,13,28,220,7.857142857142857,0.7637937831671607,True,True,1.0,1.0,14
2,2,True,10,15,25,181,7.24,0.8002070459942606,True,True,1.0,1.0,16
3,3,True,15,13,28,294,10.5,0.784525433491672,True,True,1.0,0.9333333333333333,15
2,1,False,8,7,15,151,10.066666666666666,0.6849627757071609,True,True,1.0,0.5,12
2,2,True,10,14,24,177,7.375,0.7467390662359058,True,True,1.0,0.8,17
2,2,True,8,14,22,239,10.863636363636363,0.7374830691225163,True,True,1.0,1.0,15
2,2,True,12,12,24,186,7.75,0.7773512515283268,True,True,1.0,1.0,13
3,3,True,15,9,24,185,7.708333333333333,0.7740742093686165,True,True,1.0,1.0,10
3,3,True,12,14,26,283,10.884615384615385,0.7305482384448495,True,True,1.0,1.0,15
3,3,True,18,11,29,239,8.241379310344827,0.8342721292087413,True,True,1.0,1.0,12
2,2,True,6,10,16,172,10.75,0.6956016794324742,True,True,1.0,1.0,11
3,3,True,18,12,30,355,11.833333333333334,0.8499111246404119,True,True,1.0,0.9444444444444444,14
2,2,True,10,5,15,166,11.066666666666666,0.8619965422014011,True,True,1.0,1.0,6
2,2,True,10,10,20,231,11.55,0.7977453530834758,True,True,1.0,0.8,13
3,3,True,9,13,22,216,9.818181818181818,0.6286297461124084,True,True,1.0,0.8888888888888888,15
3,3,True,12,15,27,242,8.962962962962964,0.7553654882761371,True,True,1.0,1.0,16
3,3,True,15,15,30,326,10.866666666666667,0.7848071592157876,True,True,1.0,0.9333333333333333,17
2,2,True,12,14,26,200,7.6923076923076925,0.8189019885311323,True,True,1.0,1.0,15
2,2,True,12,7,19,150,7.894736842105263,0.8464834500785504,True,True,1.0,1.0,8
2,2,True,12,5,17,150,8.823529411764707,0.8513101485894753,True,True,1.0,0.9166666666666666,7
2,2,True,12,12,24,249,10.375,0.8445007021476487,True,True,1.0,1.0,13
3,3,True,9,8,17,190,11.176470588235293,0.6290173048309259,True,True,1.0,1.0,9
2,2,True,8,11,19,150,7.894736842105263,0.7752988843221605,True,True,1.0,1.0,12
2,2,True,10,13,23,258,11.217391304347826,0.7930515708192317,True,True,1.0,1.0,14
2,2,True,12,9,21,182,8.666666666666666,0.8149293102228395,True,True,1.0,1.0,10
3,3,True,9,15,24,217,9.041666666666666,0.638243957794641,True,True,1.0,1.0,16
2,2,True,8,13,21,218,10.380952380952381,0.7366234648040993,True,True,1.0,1.0,14
3,3,True,15,10,25,187,7.48,0.7438800611774141,True,True,1.0,0.9333333333333333,12
3,3,True,12,6,18,172,9.555555555555555,0.6900583439220657,True,True,1.0,0.9166666666666666,8
3,3,True,15,15,30,237,7.9,0.7756471976632195,True,True,1.0,0.8666666666666667,18
3,3,True,15,6,21,199,9.476190476190476,0.8130410882275514,True,True,1.0,0.9333333333333333,8
3,3,True,12,7,19,165,8.68421052631579,0.7572100837728413,True,True,1.0,1.0,8
3,3,True,18,7,25,239,9.56,0.8638861708818372,True,True,1.0,1.0,8
3,3,True,12,14,26,219,8.423076923076923,0.7749195822452751,True,True,0.9230769230769231,1.0,14
2,2,True,12,5,17,150,8.823529411764707,0.8523344202859445,True,True,1.0,1.0,6
3,1,False,9,12,21,158,7.523809523809524,0.6224331518649002,True,True,1.0,0.3333333333333333,19
3,3,True,9,13,22,254,11.545454545454545,0.6840906365756626,True,True,1.0,1.0,14
3,3,True,9,15,24,266,11.083333333333334,0.7436226370516484,True,True,1.0,1.0,16
3,3,True,9,6,15,150,10.0,0.6582998891692567,True,True,1.0,0.8888888888888888,8
3,3,True,9,14,23,249,10.826086956521738,0.6775528450116806,True,True,1.0,1.0,15
2,2,True,8,9,17,176,10.352941176470589,0.7486455177469342,True,True,1.0,1.0,10
3,3,True,15,10,25,278,11.12,0.7854987119030374,True,True,1.0,0.9333333333333333,12
2,2,True,12,11,23,232,10.08695652173913,0.8414273546812586,True,True,1.0,1.0,12
2,2,True,6,5,11,150,13.636363636363637,0.6791626188468329,True,True,1.0,0.8333333333333334,7
2,2,True,6,13,19,197,10.368421052631579,0.6638487096010459,True,True,1.0,1.0,14
2,2,True,8,11,19,197,10.368421052631579,0.7717465470433833,True,True,1.0,1.0,12
2,2,True,12,5,17,150,8.823529411764707,0.7720249480963993,True,True,1.0,0.75,9
2,2,True,12,9,21,211,10.047619047619047,0.8353586455602154,True,True,1.0,1.0,10
3,3,True,18,10,28,277,9.892857142857142,0.857895674168317,True,True,1.0,1.0,11
3,3,True,18,14,32,383,11.96875,0.8483594109049543,True,True,1.0,1.0,15
3,3,True,15,10,25,228,9.12,0.7716853398069774,True,True,1.0,1.0,11
3,3,True,12,6,18,150,8.333333333333334,0.6930071767423618,True,True,0.9230769230769231,1.0,6
3,3,True,18,5,23,202,8.782608695652174,0.8487610978127395,True,True,1.0,1.0,6
2,2,True,10,8,18,213,11.833333333333334,0.8104818055834527,True,True,1.0,1.0,9
3,3,True,15,12,27,229,8.481481481481481,0.7789471882091454,True,True,1.0,1.0,13
3,3,True,12,5,17,167,9.823529411764707,0.7271493446795434,True,True,1.0,1.0,6
3,3,True,15,10,25,283,11.32,0.8423257505321041,True,True,1.0,1.0,11
3,3,True,9,15,24,187,7.791666666666667,0.6501450034787303,True,True,1.0,1.0,16
2,2,True,10,14,24,268,11.166666666666666,0.7923180332584674,True,True,1.0,1.0,15
3,2,False,9,7,16,150,9.375,0.6507333780562901,True,True,1.0,0.6666666666666666,11
3,3,True,9,9,18,150,8.333333333333334,0.633068169627746,True,True,1.0,1.0,10
2,2,True,10,13,23,181,7.869565217391305,0.803140075832787,True,True,1.0,1.0,14
2,2,True,8,15,23,171,7.434782608695652,0.7193819258954991,True,True,1.0,1.0,16
3,2,False,9,15,24,232,9.666666666666666,0.6408522206747436,True,True,1.0,0.6666666666666666,19
2,2,True,8,11,19,193,10.157894736842104,0.8051453443731608,True,True,1.0,1.0,12
2,2,True,12,8,20,213,10.65,0.8414824456189577,True,True,1.0,0.9166666666666666,10
2,2,True,8,8,16,175,10.9375,0.7128511894921902,True,True,1.0,1.0,9
2,1,False,6,7,13,150,11.538461538461538,0.6675023090224258,True,True,1.0,0.5,11
2,2,True,12,13,25,201,8.04,0.8300991387801708,True,True,1.0,1.0,14
3,3,True,18,5,23,234,10.173913043478262,0.8420719781055749,True,True,1.0,1.0,6
2,2,True,10,6,16,190,11.875,0.8294354015211218,True,True,1.0,0.9,8
3,3,True,12,13,25,206,8.24,0.740998580144122,True,True,1.0,0.9166666666666666,15
3,3,True,12,15,27,281,10.407407407407407,0.7484910943065132,True,True,1.0,1.0,16
3,3,True,12,13,25,257,10.28,0.7465711087393917,True,True,1.0,0.8333333333333334,16
3,3,True,18,13,31,241,7.774193548387097,0.8259152172981102,True,True,1.0,1.0,14
2,2,True,12,10,22,259,11.772727272727273,0.8346505301376169,True,True,1.0,1.0,11
2,2,True,6,12,18,150,8.333333333333334,0.6379044673502802,True,True,1.0,0.8333333333333334,14
2,2,True,8,6,14,150,10.714285714285714,0.7424749837091398,True,True,1.0,1.0,7
3,3,True,9,5,14,163,11.642857142857142,0.6381961043465525,True,True,1.0,0.8888888888888888,7
2,2,True,8,14,22,198,9.0,0.7284117685691687,True,True,1.0,0.75,17
2,2,True,10,9,19,228,12.0,0.8177354375015172,True,True,1.0,1.0,10
3,3,True,18,15,33,374,11.333333333333334,0.8631388474024695,True,True,1.0,1.0,16
2,2,True,10,10,20,169,8.45,0.7868706888510648,True,True,1.0,1.0,11
2,2,True,12,15,27,322,11.925925925925926,0.850994583041056,True,True,1.0,1.0,16
2,2,True,6,6,12,150,12.5,0.675886029234342,True,True,1.0,1.0,7
3,3,True,12,9,21,200,9.523809523809524,0.7344076465458953,True,True,1.0,1.0,10
2,2,True,10,7,17,152,8.941176470588236,0.7960744983852523,True,True,1.0,0.9,9
3,3,True,12,11,23,180,7.826086956521739,0.6953455509698165,True,True,1.0,0.9166666666666666,13
3,3,True,12,13,25,289,11.56,0.7554360481197305,True,True,1.0,0.9166666666666666,15
2,2,True,6,15,21,236,11.238095238095237,0.6757622013974234,True,True,1.0,1.0,16
3,3,True,12,7,19,178,9.368421052631579,0.7568084063782021,True,True,1.0,1.0,8
2,2,True,6,10,16,150,9.375,0.6650645706144607,True,True,1.0,1.0,11
2,2,True,6,15,21,218,10.380952380952381,0.6962189630867501,True,True,1.0,1.0,16
3,3,True,9,12,21,241,11.476190476190476,0.6831667202612759,True,True,1.0,1.0,13
2,2,True,6,8,14,150,10.714285714285714,0.6632674742552999,True,True,1.0,1.0,9
2,1,False,6,12,18,150,8.333333333333334,0.6297722858309993,True,True,1.0,0.5,16
3,3,True,9,10,19,166,8.736842105263158,0.6327895158173834,True,True,1.0,0.8888888888888888,12
3,3,True,15,5,20,230,11.5,0.8357065194192778,True,True,1.0,1.0,6
3,3,True,12,7,19,212,11.157894736842104,0.7432815865259647,True,True,1.0,0.9166666666666666,9
2,2,True,12,10,22,194,8.818181818181818,0.8365792770001722,True,True,1.0,1.0,11
3,3,True,15,10,25,221,8.84,0.7724287127108247,True,True,1.0,1.0,11
2,2,True,12,5,17,150,8.823529411764707,0.830143158084571,True,True,1.0,1.0,6
2,2,True,6,9,15,170,11.333333333333334,0.693915199719642,True,True,1.0,1.0,10
2,2,True,8,11,19,179,9.421052631578947,0.7176384555133899,True,True,1.0,1.0,12
2,2,True,12,14,26,249,9.576923076923077,0.8472896156289055,True,True,1.0,1.0,15
2,2,True,6,12,18,189,10.5,0.6603797828362905,True,True,1.0,1.0,13
2,2,True,6,10,16,150,9.375,0.6834706146476295,True,True,1.0,1.0,11
2,2,True,10,7,17,167,9.823529411764707,0.7787362640937036,True,True,1.0,0.9,9
3,3,True,18,7,25,194,7.76,0.8442536340828918,True,True,1.0,1.0,8
2,2,True,12,12,24,204,8.5,0.801837468225042,True,True,1.0,1.0,13
2,2,True,10,13,23,173,7.521739130434782,0.7757020262899086,True,True,1.0,0.9,15
3,3,True,15,6,21,250,11.904761904761905,0.8350329619191917,True,True,1.0,1.0,7
2,2,True,8,7,15,150,10.0,0.69972757639461,True,True,1.0,0.875,9
2,2,True,12,13,25,200,8.0,0.8093853951370894,True,True,1.0,1.0,14
2,2,True,8,13,21,193,9.19047619047619,0.7046394947743645,True,True,1.0,0.875,15
3,3,True,18,9,27,223,8.25925925925926,0.8481781168350341,True,True,1.0,1.0,10
2,2,True,12,14,26,258,9.923076923076923,0.8420241585897204,True,True,1.0,1.0,15
3,3,True,18,9,27,293,10.851851851851851,0.8610792323636292,True,True,1.0,1.0,10
3,3,True,9,8,17,168,9.882352941176471,0.6325344017525664,True,True,1.0,1.0,9
2,2,True,10,5,15,169,11.266666666666667,0.8102547219886244,True,True,1.0,0.9,7
3,3,True,18,11,29,280,9.655172413793103,0.8403310262698931,True,True,1.0,0.9444444444444444,13
3,3,True,18,7,25,188,7.52,0.8287380450197859,True,True,1.0,1.0,8
2,2,True,10,11,21,164,7.809523809523809,0.7256934581144489,True,True,1.0,1.0,12
2,1,False,6,14,20,209,10.45,0.646319062740015,True,True,1.0,0.5,18
3,3,True,18,13,31,281,9.064516129032258,0.8380006592733434,True,True,1.0,1.0,14
2,2,True,12,12,24,206,8.583333333333334,0.8122721888189792,True,True,1.0,1.0,13
3,3,True,9,7,16,166,10.375,0.6867051548702536,True,True,1.0,0.8888888888888888,9
3,3,True,18,15,33,249,7.545454545454546,0.799889253656658,True,True,1.0,0.8888888888888888,18
3,3,True,18,9,27,289,10.703703703703704,0.8430006063303934,True,True,1.0,1.0,10
3,3,True,15,14,29,318,10.96551724137931,0.7844985318624773,True,True,1.0,0.9333333333333333,16
2,2,True,10,7,17,150,8.823529411764707,0.7379048707869676,True,True,1.0,1.0,8
2,2,True,6,11,17,180,10.588235294117647,0.6438953332975501,True,True,1.0,1.0,12
3,3,True,12,12,24,245,10.208333333333334,0.7510761750827707,True,True,1.0,1.0,13
3,3,True,18,15,33,318,9.636363636363637,0.8281480704652385,True,True,1.0,0.9444444444444444,17
3,3,True,18,11,29,315,10.862068965517242,0.842056491000743,True,True,1.0,1.0,12
2,2,True,6,7,13,152,11.692307692307692,0.7103660546984781,True,True,1.0,0.8333333333333334,9
2,2,True,12,8,20,164,8.2,0.8696519982695304,True,True,1.0,1.0,9
3,3,True,15,13,28,199,7.107142857142857,0.7850424056234689,True,True,1.0,0.9333333333333333,15
3,3,True,9,13,22,220,10.0,0.6574511902191927,True,True,1.0,1.0,14
3,3,True,18,8,26,193,7.423076923076923,0.7934518480873664,True,True,1.0,1.0,9
2,2,True,6,15,21,161,7.666666666666667,0.6631040488291131,True,True,1.0,1.0,16
2,2,True,8,8,16,168,10.5,0.7966301105775364,True,True,1.0,1.0,9
3,3,True,12,12,24,180,7.5,0.7005125064954837,True,True,1.0,1.0,13
3,3,True,15,5,20,168,8.4,0.7685598254026453,True,True,1.0,0.9333333333333333,7
2,2,True,10,5,15,163,10.866666666666667,0.7574215875316089,True,True,1.0,0.9,7
2,2,True,8,8,16,187,11.6875,0.7556175546976873,True,True,1.0,1.0,9
3,3,True,18,9,27,307,11.37037037037037,0.8561794312341792,True,True,1.0,1.0,10
3,3,True,18,10,28,259,9.25,0.8255516297879271,True,True,1.0,0.8888888888888888,13
3,3,True,9,13,22,227,10.318181818181818,0.6652090402127545,True,True,1.0,0.8888888888888888,15
2,2,True,10,7,17,150,8.823529411764707,0.8120597323665841,True,True,1.0,1.0,8
2,2,True,12,11,23,218,9.478260869565217,0.838183536932128,True,True,1.0,1.0,12
2,2,True,10,5,15,150,10.0,0.8108589592094957,True,True,1.0,1.0,6
2,2,True,10,14,24,270,11.25,0.8161763434696329,True,True,1.0,1.0,15
2,2,True,6,13,19,205,10.789473684210526,0.6690095220850435,True,True,1.0,1.0,14
3,3,True,18,14,32,339,10.59375,0.8413873621431514,True,True,1.0,1.0,15
2,2,True,6,8,14,167,11.928571428571429,0.7575892714158775,True,True,1.0,1.0,9
2,2,True,12,12,24,194,8.083333333333334,0.8187070549597133,True,True,1.0,1.0,13
2,2,True,6,10,16,150,9.375,0.7373238582665704,True,True,1.0,1.0,11
2,1,False,6,9,15,172,11.466666666666667,0.6626129903808676,True,True,1.0,0.5,13
3,3,True,12,7,19,220,11.578947368421053,0.7650775083500105,True,True,1.0,1.0,8
3,3,True,12,15,27,210,7.777777777777778,0.7347854001146701,True,True,1.0,1.0,16
2,2,True,10,14,24,186,7.75,0.780289581985397,True,True,1.0,1.0,15
2,2,True,6,11,17,165,9.705882352941176,0.7080556147592096,True,True,1.0,1.0,12
2,2,True,8,15,23,186,8.08695652173913,0.7352655028809164,True,True,1.0,1.0,16
2,2,True,12,13,25,251,10.04,0.8470302460045002,True,True,1.0,1.0,14
2,2,True,8,13,21,207,9.857142857142858,0.7226815119861552,True,True,1.0,1.0,14
3,3,True,18,7,25,203,8.12,0.8208552634508216,True,True,1.0,0.9444444444444444,9
2,2,True,8,12,20,234,11.7,0.7762291218432327,True,True,1.0,0.875,14
2,2,True,10,14,24,221,9.208333333333334,0.7644712791171165,True,True,1.0,0.9,16
3,2,False,9,5,14,150,10.714285714285714,0.6596232219143748,True,True,1.0,0.6666666666666666,9
2,2,True,6,8,14,150,10.714285714285714,0.6672480718347127,True,True,1.0,1.0,9
2,2,True,12,7,19,201,10.578947368421053,0.8348226281918908,True,True,1.0,0.9166666666666666,9
2,2,True,6,14,20,217,10.85,0.710756538858218,True,True,1.0,1.0,15
2,2,True,10,10,20,190,9.5,0.7777619006718876,True,True,1.0,1.0,11
2,2,True,6,11,17,150,8.823529411764707,0.6426658803687106,True,True,1.0,1.0,12
3,3,True,9,10,19,153,8.052631578947368,0.638555546899186,True,True,1.0,1.0,11
3,3,True,9,15,24,268,11.166666666666666,0.6876233063075693,True,True,1.0,1.0,16
2,2,True,8,9,17,175,10.294117647058824,0.7533064555203476,True,True,1.0,1.0,10
3,3,True,12,13,25,255,10.2,0.7705858653221792,True,True,1.0,1.0,14
2,2,True,10,8,18,150,8.333333333333334,0.7653065146896295,True,True,1.0,0.9,10
3,3,True,9,11,20,150,7.5,0.6525743822219461,True,True,1.0,1.0,12
2,2,True,8,6,14,151,10.785714285714286,0.7640190710986652,True,True,1.0,1.0,7
3,3,True,12,12,24,279,11.625,0.7568090351540515,True,True,1.0,1.0,13
2,2,True,10,5,15,150,10.0,0.8283343127551607,True,True,1.0,1.0,6
2,2,True,12,12,24,256,10.666666666666666,0.8414141435091104,True,True,1.0,1.0,13
2,2,True,12,9,21,203,9.666666666666666,0.8247529101644313,True,True,1.0,0.9166666666666666,11
2,2,True,6,10,16,189,11.8125,0.732652462177025,True,True,1.0,1.0,11
2,2,True,12,15,27,201,7.444444444444445,0.8081285246535961,True,True,1.0,1.0,16
3,3,True,12,8,20,196,9.8,0.7235911212290561,True,True,1.0,1.0,9
2,2,True,8,13,21,173,8.238095238095237,0.7169774569919103,True,True,1.0,0.875,15
2,2,True,12,5,17,150,8.823529411764707,0.8429402415198579,True,True,1.0,1.0,6
3,3,True,9,6,15,150,10.0,0.6473544850203731,True,True,1.0,0.8888888888888888,8
3,3,True,15,14,29,203,7.0,0.7660326880055744,True,True,1.0,0.9333333333333333,16
3,3,True,18,14,32,269,8.40625,0.8106882267719305,True,True,1.0,0.9444444444444444,16
3,3,True,18,6,24,286,11.916666666666666,0.8629300890949166,True,True,1.0,1.0,7
2,2,True,8,13,21,200,9.523809523809524,0.7463161306399826,True,True,1.0,0.875,15
2,2,True,10,6,16,150,9.375,0.815845012519386,True,True,1.0,0.9,8
2,2,True,6,15,21,237,11.285714285714286,0.6741236186776989,True,True,1.0,1.0,16
2,2,True,8,9,17,150,8.823529411764707,0.7360706685740647,True,True,1.0,1.0,10
3,3,True,18,14,32,317,9.90625,0.8374650753069689,True,True,1.0,1.0,15
3,3,True,15,11,26,229,8.807692307692308,0.7583482417331153,True,True,1.0,0.9333333333333333,13
2,3,False,6,7,13,150,11.538461538461538,0.6702616170089644,True,True,0.75,1.0,6
3,3,True,9,12,21,189,9.0,0.6563761517795549,True,True,1.0,1.0,13
3,3,True,9,9,18,189,10.5,0.6770133963376593,True,True,1.0,1.0,10
3,3,True,18,11,29,265,9.137931034482758,0.8226184925024289,True,True,1.0,0.9444444444444444,13
2,1,False,6,14,20,173,8.65,0.6255987606065619,True,True,1.0,0.5,18
3,3,True,15,11,26,219,8.423076923076923,0.7787650577181114,True,True,1.0,1.0,12
2,2,True,6,10,16,150,9.375,0.6347513466698789,True,True,1.0,1.0,11
2,2,True,8,12,20,150,7.5,0.7414689731449979,True,True,1.0,1.0,13
2,2,True,10,9,19,218,11.473684210526315,0.8037240727368611,True,True,1.0,0.9,11
2,2,True,8,11,19,197,10.368421052631579,0.7681721861163221,True,True,1.0,1.0,12
2,2,True,6,9,15,150,10.0,0.650627383510923,True,True,1.0,1.0,10
3,3,True,12,9,21,153,7.285714285714286,0.6875420469925282,True,True,1.0,0.8333333333333334,12
2,2,True,8,6,14,150,10.714285714285714,0.7350435600207659,True,True,1.0,0.875,8
2,2,True,12,11,23,236,10.26086956521739,0.8304542186387126,True,True,1.0,0.9166666666666666,13
3,3,True,18,6,24,189,7.875,0.8105930084453156,True,True,1.0,1.0,7
3,3,True,9,5,14,150,10.714285714285714,0.6636138796398773,True,True,1.0,1.0,6
2,2,True,6,8,14,150,10.714285714285714,0.6340522685387847,True,True,1.0,1.0,9
3,3,True,18,14,32,356,11.125,0.851426865586059,True,True,1.0,1.0,15
2,2,True,6,8,14,168,12.0,0.6025789329384487,True,True,1.0,0.8333333333333334,10
3,3,True,12,8,20,160,8.0,0.7141077439065764,True,True,1.0,0.9166666666666666,10
2,1,False,6,5,11,150,13.636363636363637,0.6914571632286348,True,True,1.0,0.5,9
3,3,True,9,8,17,150,8.823529411764707,0.7071166028363219,True,True,1.0,1.0,9
2,2,True,10,14,24,184,7.666666666666667,0.8209093195256776,True,True,1.0,1.0,15
3,3,True,12,15,27,209,7.7407407407407405,0.6942670196700211,True,True,1.0,1.0,16
3,3,True,18,10,28,214,7.642857142857143,0.8232008568637271,True,True,1.0,1.0,11
3,3,True,12,6,18,150,8.333333333333334,0.6933096978484968,True,True,1.0,1.0,7
3,3,True,18,11,29,285,9.827586206896552,0.8516977588927946,True,True,1.0,1.0,12
3,2,False,9,12,21,174,8.285714285714286,0.6640801727909003,True,True,1.0,0.6666666666666666,16
3,3,True,12,8,20,201,10.05,0.7184504137899634,True,True,1.0,1.0,9
3,3,True,18,14,32,307,9.59375,0.8146850212033926,True,True,1.0,0.9444444444444444,16
3,3,True,18,11,29,309,10.655172413793103,0.8234664435976734,True,True,1.0,0.9444444444444444,13
2,2,True,8,12,20,167,8.35,0.6971082852292322,True,True,1.0,1.0,13
3,3,True,15,8,23,203,8.826086956521738,0.8145864845633991,True,True,1.0,0.9333333333333333,10
2,2,True,6,12,18,150,8.333333333333334,0.6891144027520266,True,True,1.0,0.8333333333333334,14
2,2,True,8,9,17,190,11.176470588235293,0.807337181012249,True,True,1.0,1.0,10
3,3,True,15,15,30,274,9.133333333333333,0.807292723934383,True,True,1.0,1.0,16
2,2,True,8,9,17,150,8.823529411764707,0.6812877950463135,True,True,1.0,0.75,12
3,3,True,9,12,21,240,11.428571428571429,0.7154221119137646,True,True,1.0,1.0,13
2,2,True,8,13,21,241,11.476190476190476,0.7545634828470873,True,True,1.0,0.875,15
2,2,True,8,10,18,165,9.166666666666666,0.7160293526755854,True,True,1.0,1.0,11
2,2,True,6,15,21,252,12.0,0.682811379185192,True,True,1.0,1.0,16
3,1,False,9,9,18,150,8.333333333333334,0.6117597295932743,True,True,1.0,0.3333333333333333,16
2,2,True,12,9,21,235,11.19047619047619,0.8561203820506896,True,True,1.0,1.0,10
2,2,True,6,13,19,150,7.894736842105263,0.6833345699196379,True,True,0.8333333333333334,0.8333333333333334,14
2,2,True,12,8,20,157,7.85,0.8099032452103535,True,True,1.0,0.9166666666666666,10
3,3,True,12,6,18,150,8.333333333333334,0.7462620651762507,True,True,1.0,1.0,7
3,3,True,15,11,26,250,9.615384615384615,0.8023234856058661,True,True,1.0,1.0,12
3,3,True,15,12,27,303,11.222222222222221,0.8171779278578257,True,True,1.0,1.0,13
3,3,True,18,11,29,251,8.655172413793103,0.8230461697786581,True,True,1.0,0.9444444444444444,13
3,3,True,18,5,23,211,9.173913043478262,0.8618091318710898,True,True,1.0,1.0,6
2,2,True,10,9,19,218,11.473684210526315,0.8163083917818988,True,True,1.0,0.9,11
2,2,True,6,5,11,150,13.636363636363637,0.639056906750744,True,True,1.0,1.0,6
2,2,True,12,7,19,150,7.894736842105263,0.8304939198671712,True,True,1.0,1.0,8
3,3,True,18,12,30,273,9.1,0.8180002698366481,True,True,1.0,1.0,13
3,3,True,18,12,30,273,9.1,0.8098240110933929,True,True,1.0,1.0,13
3,3,True,15,10,25,274,10.96,0.7853523854735801,True,True,1.0,1.0,11
